,A1,A2,A3,A4,A5,A6,A7,A8,A9,A10,A11,A12,B1,B2,B3,B4,B5,B6,B7,B8,B9,B10,B11,B12,C1,C2,C3,C4,C5,C6,C7,C8,C9,C10,C11,C12,D1,D2,D3,D4,D5,D6,D7,D8,D9,D10,D11,D12,E1,E2,E3,E4,E5,E6,E7,E8,E9,E10,E11,E12,F1,F2,F3,F4,F5,F6,F7,F8,F9,F10,F11,F12,G1,G2,G3,G4,G5,G6,G7,G8,G9,G10,G11,G12,H1,H2,H3,H4,H5,H6,H7,H8,H9,H10,H11,H12
1518097038.0,0.062728,0.060954,0.061615,0.061233,0.06186,0.060197,0.060934,0.061089,0.062364,0.061716,0.06043,0.059633,0.064443,0.061752,0.061437,0.062161,0.063768,0.063508,0.06191,0.060332,0.061334,0.055253,0.059961,0.063904,0.06556,0.06276,0.061971,0.06221,0.06215,0.058045,0.057332,0.060903,0.061033,0.059965,0.055311,0.06032,0.061828,0.061658,0.060619,0.063405,0.060764,0.061376,0.057683,0.060564,0.061069,0.055615,0.061155,0.057554,0.066501,0.063473,0.063031,0.06338,0.058197,0.061437,0.062494,0.061379,0.060718,0.061565,0.062805,0.05814,0.064801,0.062652,0.063138,0.060203,0.061162,0.055931,0.05632,0.061431,0.057097,0.062662,0.055752,0.068569,0.069136,0.062437,0.060935,0.063484,0.061902,0.061192,0.056007,0.056158,0.055275,0.055547,0.060067,0.059329,0.06123,0.061574,0.060229,0.062187,0.056228,0.064526,0.061141,0.064322,0.058059,0.063808,0.061777,0.065545
1518098338.0,0.07183,0.068765,0.069411,0.06885,0.068768,0.065143,0.065607,0.06499,0.064819,0.063247,0.064844,0.067965,0.073679,0.070191,0.069422,0.070454,0.069098,0.067786,0.065896,0.059416,0.066138,0.064485,0.06736,0.066095,0.076781,0.071103,0.065958,0.069352,0.069309,0.066222,0.065549,0.06787,0.068014,0.063463,0.061572,0.064371,0.071405,0.069367,0.067732,0.067648,0.067407,0.068751,0.066944,0.066482,0.059597,0.06659,0.063757,0.060895,0.075414,0.070283,0.068083,0.068734,0.069438,0.066941,0.066361,0.063163,0.059391,0.063919,0.068299,0.065688,0.072674,0.068793,0.068798,0.068074,0.067872,0.067452,0.062008,0.065592,0.062331,0.066327,0.0677,0.068341,0.076443,0.069952,0.061484,0.071711,0.070152,0.068243,0.064204,0.062296,0.062164,0.061011,0.068134,0.066045,0.076388,0.06931,0.066238,0.067026,0.068862,0.068596,0.065502,0.070039,0.061901,0.065549,0.066071,0.07137
1518099634.0,0.083926,0.079166,0.078339,0.066093,0.053316,0.043437,0.044676,0.046655,0.04987,0.044675,0.043445,0.051939,0.084473,0.079719,0.078152,0.078375,0.053564,0.049011,0.043675,0.043603,0.043804,0.044048,0.048371,0.058378,0.08911,0.081837,0.079578,0.073807,0.051771,0.043212,0.043804,0.044517,0.050839,0.045498,0.051804,0.047847,0.082469,0.078044,0.076038,0.068281,0.054971,0.04826,0.043947,0.051056,0.051362,0.048603,0.04413,0.046641,0.088117,0.080467,0.080656,0.072201,0.056579,0.049875,0.050611,0.046892,0.047851,0.044159,0.044293,0.044832,0.083906,0.078174,0.077326,0.077796,0.066777,0.052204,0.050291,0.044117,0.043988,0.049569,0.044069,0.05294,0.088321,0.080523,0.07857,0.0827,0.079212,0.077318,0.068723,0.053041,0.044835,0.044549,0.048784,0.048287,0.07938,0.077135,0.075972,0.074031,0.075828,0.077078,0.075606,0.073592,0.063169,0.060677,0.06124,0.066309
1518100928.0,0.095559,0.086571,0.071009,0.05704,0.052385,0.047613,0.047574,0.048487,0.050429,0.050461,0.043504,0.049937,0.097225,0.084031,0.08013,0.065873,0.052823,0.049831,0.046781,0.043217,0.043552,0.051228,0.051417,0.046837,0.10185,0.085074,0.081279,0.065855,0.046052,0.042392,0.043691,0.049299,0.046555,0.051012,0.049905,0.045459,0.093143,0.085925,0.074143,0.065478,0.046348,0.045804,0.04305,0.050698,0.050676,0.051594,0.04352,0.045298,0.097649,0.090484,0.080237,0.06962,0.048086,0.048724,0.047735,0.046018,0.050783,0.049662,0.043201,0.042881,0.096626,0.089927,0.087575,0.078094,0.070754,0.050038,0.048404,0.043181,0.044676,0.042855,0.050469,0.045917,0.10514,0.094156,0.08938,0.096842,0.089309,0.087593,0.065669,0.047253,0.043357,0.043633,0.044632,0.043276,0.090467,0.085058,0.086203,0.085176,0.085783,0.086861,0.083901,0.063691,0.049881,0.048478,0.048014,0.058194
1518102224.0,0.11102,0.083457,0.064505,0.058319,0.051412,0.049996,0.049641,0.049876,0.050024,0.050034,0.046907,0.042554,0.11458,0.087618,0.075955,0.060034,0.051866,0.050502,0.05034,0.042708,0.042965,0.050934,0.047693,0.045771,0.12086,0.086438,0.066892,0.059358,0.05154,0.04967,0.047565,0.050172,0.050393,0.050572,0.047861,0.045637,0.10887,0.086604,0.064185,0.056044,0.049549,0.046532,0.050383,0.050119,0.050325,0.0482,0.043373,0.045069,0.19102,0.088243,0.078083,0.064893,0.054071,0.049014,0.044209,0.050106,0.05023,0.050159,0.042608,0.042542,0.11241,0.1039,0.10029,0.086627,0.073828,0.058425,0.051622,0.050477,0.042989,0.045357,0.049406,0.056576,0.12461,0.11053,0.10268,0.11169,0.10837,0.092082,0.064977,0.051239,0.047612,0.043107,0.050531,0.050474,0.10444,0.096807,0.095763,0.095712,0.09827,0.098362,0.088259,0.061553,0.048337,0.051475,0.046967,0.050987
1518103514.0,0.13406,0.085279,0.059866,0.055711,0.050825,0.04966,0.049233,0.049361,0.049624,0.049675,0.04196,0.044618,0.13665,0.08353,0.070276,0.057124,0.051179,0.050109,0.050063,0.04239,0.04273,0.050673,0.049395,0.047454,0.14947,0.091692,0.069405,0.056535,0.051625,0.049401,0.049591,0.049939,0.05007,0.050084,0.049551,0.04514,0.13172,0.092034,0.06912,0.056773,0.050725,0.044115,0.050134,0.049966,0.049976,0.048725,0.046084,0.043588,0.14552,0.10679,0.088382,0.064052,0.053201,0.050471,0.050029,0.049741,0.049744,0.049911,0.042432,0.046973,0.14223,0.1275,0.11959,0.1023,0.078913,0.054337,0.051121,0.048921,0.04263,0.049648,0.048505,0.047767,0.15044,0.13489,0.12072,0.13601,0.1286,0.097364,0.065148,0.048083,0.048238,0.042952,0.046,0.049569,0.12525,0.10905,0.10962,0.11047,0.11138,0.11215,0.093806,0.063229,0.047868,0.050902,0.046754,0.04832
1518104810.0,0.16758,0.090297,0.063251,0.054227,0.050239,0.049287,0.04908,0.049144,0.049365,0.049314,0.041643,0.043928,0.17102,0.094467,0.068398,0.0555,0.05085,0.050103,0.049859,0.049533,0.042391,0.050375,0.041649,0.047407,0.18996,0.093129,0.065617,0.055186,0.050976,0.049196,0.049279,0.049491,0.04968,0.049815,0.044934,0.044986,0.16154,0.10025,0.067088,0.05516,0.050194,0.044514,0.049866,0.04969,0.049651,0.050013,0.049334,0.04263,0.17941,0.12833,0.093159,0.065825,0.052927,0.05047,0.049902,0.04955,0.049595,0.049657,0.042022,0.045985,0.18302,0.15992,0.15689,0.12084,0.084246,0.056171,0.0511,0.04988,0.042424,0.049385,0.045566,0.045869,0.18716,0.16439,0.1493,0.16639,0.15207,0.10732,0.060871,0.046236,0.043362,0.042503,0.049988,0.046497,0.13931,0.12907,0.12879,0.12933,0.12915,0.13144,0.10041,0.073694,0.047957,0.049092,0.046533,0.056018
1518106106.0,0.20066,0.090726,0.060954,0.053777,0.050136,0.049423,0.04908,0.049247,0.049373,0.049297,0.04926,0.048483,0.20224,0.09424,0.065052,0.054466,0.050591,0.050314,0.050076,0.049636,0.049696,0.050097,0.041953,0.043888,0.22192,0.095727,0.063224,0.054092,0.050718,0.049085,0.049456,0.049627,0.049721,0.049823,0.048299,0.04448,0.19543,0.11213,0.068082,0.054847,0.050273,0.049847,0.049749,0.04981,0.049498,0.049943,0.049621,0.043718,0.21837,0.15623,0.11763,0.0696,0.053185,0.050318,0.049823,0.049434,0.049678,0.049702,0.044695,0.049322,0.2205,0.20187,0.19273,0.14495,0.098871,0.062613,0.050611,0.050085,0.042556,0.047019,0.043974,0.048169,0.22426,0.20049,0.17861,0.2049,0.18366,0.12648,0.063381,0.048377,0.044006,0.046411,0.049934,0.050059,0.16709,0.15188,0.15061,0.15282,0.15187,0.15359,0.11495,0.070862,0.049155,0.046963,0.046833,0.054579
1518107400.0,0.23542,0.091103,0.061044,0.053234,0.050164,0.049554,0.049136,0.049023,0.049207,0.049749,0.049046,0.04284,0.23709,0.095722,0.063313,0.05428,0.050447,0.050198,0.049961,0.04975,0.049764,0.050006,0.047386,0.055448,0.25865,0.10132,0.062064,0.053865,0.050512,0.049076,0.049386,0.049434,0.04957,0.049612,0.044878,0.044415,0.23136,0.12819,0.071212,0.054792,0.050353,0.049782,0.049799,0.04968,0.049491,0.050127,0.049535,0.043445,0.26424,0.19285,0.14229,0.074966,0.053979,0.050217,0.049875,0.049375,0.049576,0.049614,0.042359,0.049185,0.26242,0.23985,0.23751,0.17355,0.11298,0.06458,0.050969,0.050083,0.042699,0.045993,0.042162,0.043769,0.26311,0.23766,0.21695,0.24357,0.22128,0.14472,0.072441,0.051676,0.04417,0.045202,0.049391,0.049798,0.1904,0.17435,0.1755,0.17406,0.17952,0.18008,0.13142,0.075628,0.048247,0.048996,0.046428,0.052271
1518108696.0,0.27087,0.085181,0.05821,0.052572,0.049679,0.049171,0.048882,0.049125,0.049198,0.049128,0.049063,0.046435,0.27363,0.089968,0.061745,0.053874,0.05021,0.049825,0.049755,0.049475,0.049593,0.049923,0.046923,0.05142,0.29683,0.098499,0.061496,0.053434,0.050363,0.048891,0.049141,0.049247,0.049498,0.049438,0.04889,0.044094,0.27044,0.14998,0.076259,0.054651,0.049942,0.049615,0.04957,0.049509,0.049278,0.049693,0.049336,0.043355,0.30821,0.23226,0.16936,0.083056,0.054875,0.05007,0.049644,0.049121,0.04945,0.049446,0.041943,0.048985,0.3044,0.2823,0.27,0.21179,0.13415,0.068558,0.050678,0.049961,0.042437,0.049035,0.042804,0.050359,0.30639,0.27473,0.2536,0.28392,0.26284,0.17082,0.076314,0.05207,0.050182,0.042637,0.049744,0.049492,0.22096,0.20273,0.20165,0.19845,0.20918,0.20606,0.14537,0.081511,0.056392,0.049651,0.046328,0.050497
1518109990.0,0.30577,0.081792,0.057049,0.052328,0.049543,0.049076,0.048815,0.04884,0.049066,0.049013,0.048688,0.048332,0.31285,0.085685,0.062104,0.053171,0.050209,0.04966,0.049452,0.049483,0.049594,0.049909,0.05093,0.051932,0.32964,0.099171,0.060887,0.052967,0.050397,0.048756,0.049123,0.049171,0.049536,0.049448,0.048632,0.043701,0.3129,0.17818,0.084858,0.054994,0.049867,0.049496,0.049568,0.049393,0.049254,0.049623,0.049118,0.041463,0.35842,0.27478,0.20068,0.092973,0.056376,0.050315,0.049602,0.049195,0.049362,0.049214,0.041771,0.048467,0.34765,0.33651,0.30859,0.24734,0.16111,0.073313,0.050746,0.049563,0.049775,0.048575,0.041377,0.051624,0.34661,0.31871,0.29304,0.32547,0.30401,0.19779,0.080921,0.05312,0.049884,0.043302,0.049606,0.049144,0.2576,0.23315,0.23262,0.23571,0.24402,0.2414,0.16609,0.091131,0.056335,0.054199,0.048152,0.058689
1518111288.0,0.33183,0.078601,0.056375,0.051954,0.04943,0.049024,0.048573,0.04877,0.048988,0.048856,0.048607,0.048473,0.34389,0.083497,0.061036,0.053069,0.049828,0.049749,0.049392,0.049277,0.049484,0.049784,0.05315,0.050915,0.36335,0.10229,0.061046,0.052598,0.050081,0.048741,0.049063,0.0492,0.049392,0.049339,0.048699,0.043697,0.35484,0.20973,0.099289,0.055721,0.049823,0.04912,0.04928,0.049143,0.049192,0.049608,0.049168,0.044437,0.4101,0.31528,0.2317,0.10543,0.058129,0.050669,0.049445,0.049345,0.049339,0.049214,0.042214,0.048438,0.38971,0.38183,0.35281,0.29287,0.18771,0.079048,0.050976,0.049606,0.04967,0.049123,0.041486,0.05256,0.39671,0.36539,0.35325,0.37303,0.35273,0.22625,0.08624,0.053365,0.049916,0.045405,0.049811,0.04914,0.29668,0.27,0.26705,0.27026,0.28581,0.28342,0.19196,0.099752,0.056457,0.054141,0.048128,0.051233
1518112580.0,0.35967,0.076277,0.05983,0.051674,0.049218,0.048999,0.048637,0.048779,0.048844,0.04889,0.048487,0.048671,0.36843,0.0807,0.059814,0.052746,0.050162,0.049632,0.049421,0.049294,0.049388,0.049899,0.049029,0.051452,0.39709,0.10652,0.060972,0.052527,0.049879,0.04881,0.049035,0.049155,0.049363,0.049338,0.048809,0.043785,0.39423,0.24441,0.11581,0.05679,0.049746,0.04952,0.049399,0.049275,0.049311,0.049481,0.049167,0.042471,0.45072,0.35565,0.26669,0.12106,0.061286,0.050531,0.049597,0.049165,0.049262,0.049247,0.049042,0.048549,0.42904,0.43885,0.39045,0.32749,0.21497,0.086471,0.050959,0.049742,0.042495,0.049237,0.04844,0.053562,0.43156,0.41514,0.3883,0.42489,0.40269,0.25902,0.09312,0.05337,0.050056,0.050269,0.049549,0.049267,0.34513,0.30498,0.31435,0.3027,0.31785,0.31586,0.22055,0.10966,0.057167,0.054172,0.04637,0.050283
1518113874.0,0.38248,0.075267,0.063016,0.051538,0.050241,0.04899,0.048796,0.048835,0.048885,0.048864,0.048638,0.048838,0.39005,0.079647,0.059408,0.052634,0.049918,0.049672,0.049539,0.049234,0.049384,0.049728,0.049008,0.051487,0.42088,0.1127,0.061759,0.05241,0.050135,0.048563,0.049115,0.049071,0.04934,0.0491,0.048584,0.051964,0.42751,0.28062,0.13688,0.058753,0.049599,0.049397,0.049408,0.049262,0.049208,0.049509,0.049164,0.042303,0.49321,0.39224,0.30061,0.14045,0.065422,0.050016,0.049564,0.049246,0.049187,0.049335,0.049296,0.048597,0.46603,0.47004,0.42062,0.35768,0.24076,0.094639,0.05104,0.049665,0.045315,0.049113,0.049327,0.049028,0.48466,0.45563,0.42931,0.46308,0.45591,0.29254,0.10166,0.053373,0.049973,0.050285,0.049468,0.049447,0.38606,0.34564,0.35604,0.34752,0.36452,0.35795,0.24754,0.12326,0.057545,0.05421,0.053643,0.052028
1518115166.0,0.40334,0.074042,0.056606,0.051252,0.049303,0.04891,0.048599,0.048768,0.048856,0.048914,0.048433,0.047973,0.41385,0.079496,0.059689,0.052446,0.049914,0.049622,0.049435,0.04919,0.04945,0.049725,0.048829,0.052056,0.4414,0.12344,0.062257,0.052385,0.049891,0.048616,0.049067,0.048982,0.049252,0.049288,0.048587,0.04407,0.45902,0.31732,0.16121,0.061459,0.049439,0.049446,0.049176,0.049474,0.049086,0.049382,0.048988,0.046783,0.52878,0.42704,0.33438,0.16296,0.070497,0.050411,0.049385,0.049211,0.049199,0.049043,0.049067,0.048235,0.49942,0.49272,0.46259,0.40401,0.27324,0.10551,0.051365,0.049458,0.042186,0.048838,0.049019,0.056225,0.53078,0.50083,0.47418,0.50862,0.5033,0.33238,0.1101,0.053409,0.049657,0.04999,0.049156,0.048918,0.41986,0.3821,0.37985,0.38367,0.40123,0.39917,0.28411,0.14773,0.057993,0.054041,0.053615,0.051003
1518116458.0,0.42404,0.073921,0.056475,0.050948,0.050708,0.048924,0.048439,0.048562,0.048811,0.048784,0.048489,0.048372,0.43503,0.078727,0.059667,0.052054,0.049772,0.049479,0.049266,0.049053,0.049259,0.049702,0.048896,0.052573,0.45936,0.135,0.063125,0.05195,0.049871,0.048417,0.048929,0.048983,0.049027,0.049082,0.048585,0.048408,0.49134,0.35265,0.18692,0.065215,0.049484,0.049243,0.049086,0.049023,0.048945,0.049347,0.04894,0.046701,0.56164,0.45998,0.36523,0.18576,0.076543,0.0501,0.048857,0.049052,0.049098,0.048934,0.049205,0.048221,0.53637,0.52011,0.48417,0.43594,0.3038,0.11777,0.05122,0.049459,0.042391,0.048932,0.04887,0.051607,0.57028,0.5407,0.51688,0.56061,0.54941,0.36156,0.11936,0.053292,0.049692,0.049986,0.049246,0.048751,0.45887,0.41952,0.41784,0.42186,0.44869,0.43778,0.32454,0.16354,0.058148,0.053928,0.05359,0.052371
1518117754.0,0.44031,0.074852,0.067819,0.05103,0.049129,0.048912,0.048499,0.048711,0.048744,0.048801,0.048455,0.048419,0.45009,0.078945,0.059659,0.052011,0.049872,0.049507,0.049315,0.049121,0.049288,0.049634,0.048861,0.050746,0.47524,0.14881,0.064257,0.052188,0.049687,0.048613,0.0489,0.048945,0.049314,0.049218,0.048432,0.051125,0.51621,0.38628,0.21883,0.071156,0.049673,0.049282,0.049169,0.049332,0.048836,0.049333,0.04898,0.04956,0.59091,0.49031,0.39489,0.21115,0.084973,0.050099,0.049209,0.049176,0.049122,0.049034,0.048994,0.048238,0.56345,0.58256,0.51127,0.46838,0.3308,0.13203,0.050769,0.049478,0.043741,0.048984,0.048955,0.049381,0.60052,0.57459,0.55442,0.57608,0.59836,0.40125,0.13252,0.053197,0.049723,0.050004,0.05108,0.048762,0.50939,0.46307,0.45998,0.4637,0.48324,0.4808,0.36287,0.18483,0.058512,0.054018,0.053762,0.050454
1518119048.0,0.45741,0.075109,0.065523,0.050918,0.049076,0.048871,0.048415,0.048539,0.048786,0.048704,0.048543,0.048031,0.46327,0.080496,0.059674,0.051879,0.049501,0.049444,0.049442,0.049069,0.049259,0.049552,0.048953,0.051113,0.49149,0.16533,0.065834,0.052227,0.049929,0.048687,0.049015,0.049,0.049011,0.049085,0.048576,0.051126,0.53989,0.41329,0.2489,0.079135,0.049571,0.04933,0.049079,0.049088,0.048983,0.049459,0.048918,0.049242,0.62123,0.51587,0.42444,0.23907,0.095323,0.05027,0.049408,0.049205,0.049194,0.049172,0.04887,0.048317,0.5871,0.61709,0.54909,0.49309,0.35618,0.14943,0.052005,0.049431,0.042913,0.048932,0.049064,0.05354,0.62747,0.60802,0.59418,0.62396,0.61549,0.43719,0.1477,0.053503,0.049653,0.04994,0.049291,0.048861,0.54336,0.49829,0.4943,0.50046,0.52235,0.51834,0.40204,0.20573,0.059139,0.054155,0.053743,0.057016
1518120344.0,0.4693,0.076695,0.056348,0.050918,0.049209,0.048752,0.048473,0.048529,0.048628,0.048752,0.048189,0.048439,0.47654,0.080947,0.060084,0.051798,0.049631,0.049465,0.049203,0.049044,0.04919,0.049618,0.048794,0.049894,0.50433,0.17947,0.067977,0.052191,0.049416,0.048494,0.048946,0.048956,0.049037,0.049015,0.048415,0.050911,0.56009,0.43867,0.28073,0.089861,0.049519,0.049315,0.049073,0.049197,0.048873,0.049134,0.04882,0.049766,0.65326,0.54118,0.45351,0.26698,0.10734,0.049589,0.049335,0.049167,0.049054,0.048828,0.048725,0.048266,0.60985,0.65161,0.57949,0.51241,0.3809,0.16814,0.051559,0.049374,0.044169,0.048705,0.048879,0.050155,0.65372,0.63523,0.62403,0.65657,0.64628,0.47066,0.16628,0.053532,0.049521,0.04985,0.049177,0.048655,0.5789,0.53181,0.53121,0.53669,0.55907,0.55535,0.43901,0.22988,0.059284,0.053951,0.053681,0.055402
1518121636.0,0.47732,0.078553,0.065661,0.050702,0.049168,0.048787,0.048384,0.048482,0.048744,0.048682,0.048156,0.048342,0.48617,0.083487,0.059921,0.051864,0.049873,0.049434,0.049244,0.049104,0.049185,0.049503,0.048765,0.050471,0.51463,0.19252,0.070318,0.0525,0.049511,0.048421,0.049212,0.048804,0.049048,0.048995,0.048443,0.051001,0.57663,0.46214,0.31505,0.1047,0.049456,0.049082,0.048971,0.049033,0.048837,0.049199,0.048862,0.048182,0.67535,0.56154,0.47592,0.29488,0.12315,0.049647,0.048892,0.048838,0.049062,0.048977,0.048749,0.048284,0.64174,0.65906,0.57652,0.5441,0.40871,0.18989,0.051262,0.049348,0.045839,0.048833,0.048828,0.050567,0.67797,0.65606,0.66318,0.68386,0.67239,0.49411,0.1825,0.05355,0.049637,0.050047,0.049157,0.048936,0.60852,0.55789,0.55705,0.56099,0.58369,0.58024,0.47153,0.25479,0.059402,0.053891,0.053474,0.057873
1518122930.0,0.49132,0.07961,0.059573,0.05081,0.048923,0.048787,0.048348,0.048633,0.048646,0.048668,0.048104,0.047924,0.49656,0.085852,0.060094,0.051516,0.04959,0.049383,0.049195,0.049118,0.049276,0.049497,0.04877,0.050421,0.52612,0.20189,0.072455,0.052482,0.049592,0.048401,0.049014,0.048839,0.048963,0.048979,0.048382,0.050759,0.59292,0.48685,0.34478,0.12252,0.049363,0.049141,0.04908,0.049045,0.049052,0.049144,0.048799,0.049026,0.69888,0.5817,0.49523,0.32016,0.14018,0.049982,0.04934,0.049107,0.048926,0.048832,0.048837,0.048151,0.67178,0.68253,0.59594,0.56049,0.43496,0.21276,0.051666,0.049175,0.043197,0.048645,0.048791,0.049321,0.70386,0.67136,0.6645,0.70309,0.69146,0.51466,0.20043,0.053605,0.049568,0.049904,0.049234,0.048759,0.64169,0.58573,0.58664,0.57692,0.61637,0.60425,0.50276,0.28154,0.059801,0.054009,0.053624,0.059736
1518124226.0,0.50206,0.082136,0.056509,0.050743,0.049105,0.048781,0.048374,0.048561,0.048718,0.04856,0.048364,0.048283,0.50628,0.088304,0.060442,0.051564,0.049442,0.049441,0.049261,0.049048,0.04913,0.049417,0.048725,0.049858,0.53553,0.20826,0.074308,0.052133,0.049715,0.048442,0.048659,0.049043,0.049015,0.048999,0.048354,0.050929,0.60913,0.50716,0.37536,0.14288,0.049516,0.049068,0.048747,0.049067,0.049141,0.049244,0.048835,0.048825,0.72249,0.59656,0.51521,0.34808,0.16278,0.050111,0.049241,0.048978,0.049066,0.048849,0.048754,0.048221,0.67857,0.68881,0.63172,0.57828,0.45412,0.23638,0.051962,0.049348,0.049554,0.048665,0.048844,0.049606,0.73403,0.70079,0.71664,0.74152,0.72198,0.53443,0.2231,0.053561,0.049627,0.049965,0.04926,0.048682,0.65534,0.60591,0.63287,0.60454,0.63887,0.63643,0.52678,0.30831,0.060208,0.053963,0.053495,0.05839
1518125520.0,0.51124,0.085864,0.056533,0.050659,0.049025,0.048844,0.048444,0.048539,0.048771,0.048611,0.0484,0.04837,0.51463,0.092663,0.060878,0.051618,0.049676,0.049445,0.049267,0.049146,0.049217,0.049572,0.048771,0.050599,0.54566,0.2176,0.077634,0.052136,0.049649,0.048509,0.048732,0.048595,0.049039,0.048939,0.048439,0.051088,0.62177,0.52964,0.40076,0.16417,0.049297,0.049152,0.049148,0.048999,0.04886,0.049298,0.048817,0.050128,0.73788,0.61122,0.53373,0.37339,0.18756,0.049952,0.049408,0.049085,0.049087,0.048852,0.048842,0.048296,0.72577,0.71294,0.65623,0.59335,0.47472,0.2594,0.051911,0.049182,0.047072,0.048672,0.048893,0.053335,0.76483,0.7585,0.73939,0.77575,0.74538,0.55208,0.24779,0.053598,0.049728,0.049927,0.04912,0.048869,0.67659,0.62842,0.6467,0.63572,0.65102,0.66342,0.54686,0.33521,0.060651,0.053953,0.053689,0.059786
1518126812.0,0.51806,0.088959,0.057766,0.050582,0.050792,0.048718,0.048464,0.048473,0.048582,0.048611,0.048319,0.048091,0.52261,0.095635,0.060888,0.051538,0.049534,0.049419,0.049218,0.049035,0.04918,0.049439,0.04885,0.051344,0.55333,0.22455,0.081051,0.052497,0.049489,0.04837,0.048963,0.048763,0.049018,0.049017,0.048379,0.050921,0.63555,0.54775,0.42508,0.192,0.049372,0.049206,0.048921,0.049053,0.049018,0.049194,0.048783,0.04896,0.7694,0.62892,0.55043,0.39899,0.2153,0.049811,0.049394,0.049063,0.048997,0.048714,0.048662,0.048242,0.73814,0.72158,0.67013,0.61191,0.49334,0.28233,0.052423,0.049419,0.048646,0.048624,0.048774,0.053521,0.77112,0.76649,0.76938,0.75635,0.77447,0.56845,0.27294,0.05362,0.049693,0.049754,0.048875,0.048709,0.70964,0.68382,0.68276,0.66664,0.70255,0.68905,0.56802,0.36454,0.060498,0.053953,0.053541,0.057414
1518128110.0,0.52617,0.093098,0.0605,0.050618,0.048901,0.048747,0.048342,0.048481,0.04859,0.048607,0.048279,0.048081,0.53232,0.10132,0.062242,0.051468,0.049575,0.049401,0.04925,0.048964,0.049119,0.049356,0.048857,0.050925,0.56106,0.23294,0.085291,0.05238,0.049484,0.048423,0.048568,0.048802,0.048972,0.048951,0.048301,0.050753,0.64729,0.5647,0.44524,0.22192,0.049356,0.048968,0.048744,0.048983,0.048801,0.049182,0.048767,0.048572,0.78607,0.64231,0.56596,0.42165,0.24297,0.049783,0.049291,0.048883,0.048847,0.048636,0.048631,0.048088,0.75713,0.74832,0.70743,0.62061,0.50384,0.30152,0.052391,0.049206,0.043682,0.048511,0.048609,0.050914,0.79201,0.78869,0.78929,0.7811,0.78858,0.57834,0.29956,0.053774,0.049443,0.049697,0.049028,0.048465,0.7275,0.72144,0.70183,0.67906,0.72854,0.71963,0.5854,0.38877,0.060742,0.053921,0.053472,0.059127
1518129404.0,0.53055,0.097971,0.061674,0.050712,0.049091,0.048759,0.048447,0.048529,0.048649,0.048682,0.048234,0.0482,0.5338,0.10698,0.062559,0.05173,0.049423,0.049425,0.049399,0.048976,0.049205,0.049476,0.048806,0.050771,0.56467,0.24071,0.09064,0.05256,0.049724,0.048378,0.048721,0.048719,0.04908,0.048929,0.048385,0.051122,0.65609,0.57766,0.46294,0.25156,0.049402,0.049093,0.048961,0.049082,0.048829,0.049212,0.048696,0.049249,0.80325,0.65249,0.57728,0.43872,0.27365,0.049995,0.049222,0.048895,0.048687,0.04882,0.048834,0.048292,0.76292,0.76448,0.72196,0.63155,0.51676,0.32168,0.053195,0.049293,0.049934,0.048701,0.048926,0.051617,0.81092,0.79674,0.80703,0.78592,0.78669,0.59076,0.32548,0.053869,0.049692,0.049785,0.049007,0.048799,0.73652,0.74103,0.71599,0.70066,0.74608,0.7352,0.59514,0.41019,0.061372,0.053977,0.053932,0.059837
1518130698.0,0.53654,0.10504,0.061433,0.050781,0.049122,0.048844,0.048503,0.048564,0.048642,0.048557,0.048363,0.048118,0.54053,0.11549,0.063338,0.051844,0.049493,0.049501,0.049438,0.049019,0.04911,0.049324,0.048822,0.04982,0.56918,0.24797,0.097942,0.052417,0.049476,0.048345,0.048808,0.048752,0.048998,0.048875,0.048401,0.050841,0.66041,0.59197,0.48143,0.28407,0.049564,0.048942,0.048765,0.04912,0.048718,0.049206,0.04879,0.048883,0.80342,0.6677,0.5868,0.4564,0.30139,0.049931,0.049654,0.048989,0.048921,0.048842,0.048703,0.048426,0.78022,0.77053,0.74009,0.64467,0.52831,0.3385,0.053582,0.049376,0.049666,0.048804,0.048942,0.053834,0.81038,0.81106,0.80728,0.79545,0.80147,0.59938,0.35117,0.054071,0.049648,0.050017,0.049009,0.049121,0.77026,0.73967,0.74071,0.72121,0.76503,0.74859,0.61427,0.43296,0.06155,0.053952,0.053715,0.058703
1518131994.0,0.5431,0.11372,0.064636,0.050567,0.048965,0.048674,0.048411,0.048467,0.048532,0.048536,0.048189,0.048353,0.54406,0.12548,0.06499,0.051705,0.049433,0.049385,0.049234,0.049015,0.048983,0.04944,0.048718,0.049161,0.5735,0.25584,0.10473,0.05267,0.049517,0.048388,0.048669,0.048795,0.04906,0.048883,0.048301,0.050765,0.66337,0.60342,0.5022,0.31349,0.049532,0.049368,0.049002,0.049142,0.048917,0.049155,0.048695,0.050182,0.81521,0.67552,0.60364,0.47229,0.33238,0.050303,0.048997,0.048948,0.048849,0.048696,0.048796,0.048179,0.79985,0.77492,0.73857,0.65564,0.54069,0.35573,0.054087,0.049363,0.049547,0.048576,0.048664,0.051693,0.81591,0.82185,0.81631,0.8031,0.80373,0.60901,0.37297,0.05426,0.049489,0.049829,0.048933,0.0486,0.7773,0.75613,0.759,0.73617,0.77924,0.76781,0.61874,0.44437,0.061485,0.05394,0.053678,0.059934
1518133286.0,0.54585,0.12291,0.075701,0.050696,0.049008,0.048679,0.048321,0.04844,0.04855,0.04847,0.048404,0.048057,0.54842,0.13385,0.066198,0.051638,0.049404,0.049385,0.049286,0.048926,0.049086,0.04936,0.048739,0.050278,0.57764,0.26361,0.11428,0.052938,0.049608,0.048396,0.048547,0.048663,0.048897,0.04888,0.048362,0.051138,0.66184,0.61137,0.51987,0.34201,0.04953,0.048938,0.048764,0.048989,0.048781,0.049101,0.048664,0.049135,0.81932,0.68576,0.61028,0.4823,0.36202,0.050065,0.049048,0.048897,0.04917,0.048673,0.048654,0.048157,0.81028,0.79518,0.74457,0.66378,0.54671,0.36896,0.054505,0.049167,0.049514,0.048603,0.048896,0.053735,0.82421,0.83437,0.82444,0.81856,0.80707,0.61556,0.39198,0.054035,0.049732,0.04993,0.051702,0.048802,0.79761,0.77162,0.77548,0.74858,0.79425,0.7777,0.62667,0.45663,0.062125,0.053868,0.053425,0.058134
1518134580.0,0.55177,0.1338,0.065313,0.050494,0.048953,0.048566,0.048166,0.048399,0.048533,0.048468,0.048094,0.048093,0.5557,0.14023,0.069492,0.051694,0.049526,0.049276,0.049097,0.049011,0.049019,0.04927,0.048631,0.049593,0.5819,0.27233,0.12659,0.053442,0.049477,0.048268,0.048887,0.048713,0.048886,0.048856,0.048262,0.050555,0.66469,0.61808,0.53426,0.37051,0.049451,0.048991,0.048849,0.048883,0.048739,0.049067,0.048566,0.04805,0.84167,0.69488,0.62219,0.49939,0.38967,0.050159,0.048983,0.048875,0.048692,0.04852,0.048303,0.047963,0.81862,0.80143,0.79005,0.6747,0.56503,0.38747,0.055534,0.05106,0.049389,0.048299,0.048383,0.049879,0.83936,0.83109,0.82909,0.84156,0.81554,0.61845,0.40765,0.054299,0.04936,0.04962,0.048873,0.048448,0.79551,0.78211,0.7905,0.7633,0.81376,0.80231,0.63917,0.46985,0.062507,0.053776,0.053461,0.057591
1518135872.0,0.55211,0.14175,0.068099,0.050683,0.04896,0.048682,0.048166,0.048325,0.04848,0.048478,0.048786,0.047966,0.55664,0.14363,0.070977,0.051799,0.049526,0.049406,0.049145,0.048951,0.049026,0.049345,0.049285,0.050639,0.58408,0.27919,0.13937,0.053217,0.049454,0.048308,0.048612,0.048811,0.049004,0.048986,0.048094,0.050881,0.66365,0.61775,0.54134,0.39135,0.049781,0.048923,0.048709,0.04893,0.048682,0.048957,0.048612,0.048875,0.84866,0.69724,0.62964,0.51159,0.41351,0.05032,0.049279,0.048876,0.048676,0.0486,0.048873,0.048277,0.83558,0.81508,0.77372,0.67886,0.56943,0.39894,0.056299,0.049995,0.049506,0.04851,0.048652,0.051391,0.85929,0.84153,0.83549,0.85812,0.82271,0.619,0.42344,0.054792,0.049442,0.04976,0.049,0.048601,0.80804,0.79013,0.7951,0.77105,0.81461,0.81634,0.64723,0.47794,0.062604,0.053824,0.05355,0.056406
1518137162.0,0.55795,0.14705,0.078782,0.050558,0.049066,0.048597,0.04833,0.048346,0.048524,0.048348,0.04811,0.048275,0.55981,0.14831,0.074165,0.051792,0.049293,0.04939,0.04923,0.048848,0.048907,0.049254,0.048599,0.049886,0.58653,0.28944,0.15564,0.053782,0.049532,0.04821,0.048489,0.048673,0.048874,0.048775,0.048124,0.050965,0.66361,0.61752,0.55612,0.4134,0.049532,0.048873,0.048615,0.048927,0.048691,0.048968,0.048644,0.049384,0.86662,0.6995,0.64038,0.52335,0.43432,0.050584,0.048941,0.048859,0.048716,0.048586,0.048567,0.048143,0.83708,0.82999,0.80764,0.68561,0.57518,0.40383,0.057038,0.04919,0.049705,0.04853,0.048696,0.051902,0.86195,0.85166,0.8529,0.86964,0.81694,0.62787,0.44021,0.054674,0.049333,0.049655,0.048729,0.048655,0.83351,0.80127,0.80537,0.784,0.83326,0.82686,0.64749,0.48329,0.063345,0.05391,0.053544,0.05807
1518138456.0,0.55924,0.15369,0.079297,0.05073,0.04918,0.048793,0.048366,0.048465,0.048553,0.048353,0.048022,0.048335,0.56156,0.1544,0.077625,0.052079,0.04965,0.0495,0.049325,0.048919,0.049197,0.049204,0.048828,0.049704,0.59013,0.29719,0.17362,0.054687,0.049522,0.048281,0.048731,0.048655,0.048909,0.048775,0.04805,0.050968,0.66492,0.62054,0.56924,0.43399,0.04979,0.049013,0.048793,0.048828,0.048845,0.049057,0.048681,0.049051,0.87397,0.70453,0.64743,0.53612,0.45535,0.050984,0.049221,0.048967,0.048869,0.048618,0.048949,0.048207,0.84438,0.83503,0.81145,0.69359,0.57956,0.41055,0.058404,0.049892,0.049511,0.048524,0.048781,0.051325,0.86829,0.86018,0.85772,0.88051,0.82712,0.63386,0.45689,0.055344,0.049463,0.04978,0.050672,0.048974,0.83724,0.80985,0.81561,0.79016,0.84223,0.84279,0.65036,0.49466,0.063696,0.054134,0.053448,0.060149
1518139752.0,0.56412,0.16205,0.080867,0.050712,0.048891,0.048626,0.048318,0.048346,0.048419,0.048448,0.048017,0.047865,0.56608,0.16452,0.082546,0.05161,0.049348,0.04924,0.049258,0.048859,0.049033,0.049278,0.048631,0.050028,0.59467,0.30617,0.19107,0.055208,0.049323,0.048191,0.048958,0.048692,0.048864,0.048935,0.048246,0.05067,0.67,0.62564,0.57683,0.45531,0.049884,0.049521,0.048885,0.048932,0.048751,0.049039,0.048611,0.048426,0.88866,0.70376,0.65464,0.54787,0.47097,0.051037,0.049476,0.049015,0.048786,0.048604,0.048686,0.047967,0.86492,0.84691,0.83715,0.6977,0.59187,0.42529,0.060188,0.049094,0.049465,0.048279,0.048648,0.050032,0.84819,0.85423,0.86633,0.84559,0.83089,0.62597,0.46741,0.055586,0.049353,0.049632,0.048745,0.048423,0.83902,0.82222,0.82003,0.80697,0.85361,0.84532,0.65639,0.50032,0.064522,0.053816,0.053304,0.055808
1518141048.0,0.56551,0.16613,0.09087,0.05069,0.048892,0.048477,0.048283,0.048385,0.048458,0.048361,0.048054,0.048069,0.56687,0.16738,0.087187,0.052037,0.049438,0.049289,0.049275,0.048948,0.049121,0.049395,0.048772,0.050657,0.59691,0.31875,0.20735,0.056372,0.049482,0.048346,0.048807,0.048574,0.049721,0.048931,0.048339,0.050972,0.6687,0.62186,0.58442,0.47169,0.049872,0.048888,0.048832,0.049007,0.048723,0.049028,0.048631,0.048182,0.89403,0.70304,0.66139,0.555,0.48741,0.051402,0.049174,0.048957,0.048847,0.048668,0.048782,0.048246,0.86298,0.85691,0.79271,0.70365,0.5983,0.43349,0.062412,0.049263,0.049463,0.048577,0.048579,0.050553,0.85603,0.8566,0.86853,0.84102,0.83664,0.62656,0.47883,0.055752,0.049561,0.049946,0.049081,0.048692,0.84906,0.83568,0.83007,0.80643,0.85381,0.84354,0.65903,0.50878,0.06489,0.053827,0.053523,0.059966
1518142340.0,0.5685,0.17416,0.091419,0.0508,0.048925,0.048694,0.048205,0.048361,0.04841,0.048415,0.04816,0.048113,0.5712,0.17846,0.093221,0.051928,0.049417,0.049343,0.049167,0.048914,0.049127,0.049369,0.049018,0.050442,0.60093,0.32989,0.22551,0.05802,0.049599,0.048295,0.048538,0.048651,0.0495,0.048847,0.048154,0.050834,0.67061,0.62761,0.5919,0.49143,0.050193,0.049069,0.048825,0.048885,0.048724,0.049376,0.048621,0.048474,0.89345,0.70521,0.66758,0.5697,0.50433,0.052077,0.049309,0.04899,0.048848,0.048502,0.048825,0.047941,0.87132,0.84825,0.79811,0.70689,0.60744,0.44158,0.065084,0.049208,0.049485,0.048372,0.04853,0.051611,0.84871,0.85381,0.87008,0.8198,0.82865,0.6259,0.48828,0.055735,0.049398,0.049686,0.04873,0.048718,0.87353,0.83201,0.8146,0.8048,0.84931,0.83917,0.65936,0.51023,0.065158,0.053913,0.053627,0.058112
1518143636.0,0.57096,0.18081,0.10233,0.050661,0.048838,0.048772,0.048158,0.048243,0.048448,0.048386,0.048025,0.048155,0.57316,0.18124,0.10087,0.051924,0.049328,0.049282,0.049081,0.048939,0.048952,0.049235,0.04869,0.050148,0.60155,0.33685,0.24101,0.059271,0.049474,0.04823,0.048663,0.048654,0.048866,0.048777,0.04827,0.050758,0.66938,0.6278,0.59422,0.50965,0.050437,0.049121,0.048856,0.048833,0.048708,0.049026,0.048588,0.049156,0.90786,0.70655,0.67373,0.57384,0.51827,0.052019,0.049027,0.04879,0.048664,0.04852,0.048429,0.047858,0.87689,0.86086,0.80328,0.71031,0.60768,0.44909,0.068346,0.049136,0.049449,0.0484,0.048565,0.053074,0.84954,0.84394,0.87263,0.80867,0.8224,0.62849,0.49759,0.056239,0.04947,0.04957,0.048597,0.048503,0.87784,0.82596,0.81339,0.79924,0.84354,0.84162,0.66045,0.51118,0.065427,0.05383,0.053529,0.060808
1518144932.0,0.57318,0.18689,0.1186,0.051007,0.04904,0.048611,0.048232,0.048451,0.048469,0.048465,0.048058,0.048071,0.57454,0.18949,0.11021,0.052002,0.049506,0.049342,0.049255,0.048884,0.048938,0.049342,0.048677,0.049637,0.60346,0.3437,0.25532,0.061756,0.049509,0.048236,0.048495,0.048648,0.048906,0.048896,0.048325,0.050784,0.67014,0.63392,0.59243,0.52411,0.050958,0.049068,0.048876,0.048869,0.048686,0.049022,0.048598,0.049032,0.89522,0.70846,0.67558,0.58607,0.52829,0.053247,0.049148,0.048785,0.048956,0.048643,0.04857,0.048083,0.88116,0.86331,0.80218,0.71321,0.61749,0.45618,0.072255,0.049387,0.049399,0.048432,0.048588,0.054364,0.84831,0.85167,0.86627,0.8066,0.82775,0.61909,0.50756,0.056661,0.049412,0.049768,0.051533,0.048558,0.88048,0.83321,0.80976,0.79974,0.84335,0.84178,0.65867,0.51392,0.066327,0.053701,0.053645,0.061461
1518146224.0,0.57505,0.19357,0.12532,0.051101,0.048922,0.048703,0.048269,0.048376,0.048454,0.048295,0.048229,0.048019,0.57568,0.19357,0.11992,0.052162,0.049311,0.049244,0.049289,0.048864,0.048978,0.049241,0.048576,0.050907,0.60568,0.35079,0.26919,0.064671,0.049421,0.04837,0.048423,0.048554,0.048741,0.048697,0.048205,0.050929,0.66747,0.63288,0.59213,0.53485,0.051418,0.048791,0.048784,0.048898,0.048536,0.048936,0.04852,0.048947,0.92777,0.70976,0.68016,0.58984,0.54339,0.053977,0.04911,0.048749,0.048646,0.048568,0.048641,0.048101,0.88712,0.87335,0.8004,0.71997,0.6182,0.46299,0.07556,0.049183,0.049356,0.048418,0.048597,0.050718,0.83411,0.84845,0.86573,0.8111,0.82923,0.62042,0.5165,0.057136,0.049469,0.049642,0.04891,0.048531,0.89797,0.83645,0.81036,0.79672,0.84326,0.84547,0.65715,0.51615,0.066573,0.053733,0.053251,0.057568
1518147516.0,0.57776,0.20117,0.14159,0.050929,0.049004,0.04851,0.048294,0.04848,0.048505,0.048371,0.0481,0.047882,0.57781,0.20071,0.13416,0.05205,0.049474,0.049357,0.049273,0.048978,0.049035,0.049331,0.048725,0.050633,0.60756,0.3543,0.28416,0.068934,0.049532,0.048391,0.048674,0.048663,0.048734,0.048804,0.048167,0.050872,0.66761,0.6354,0.59429,0.54837,0.05218,0.049134,0.048932,0.048833,0.048698,0.049236,0.04859,0.048903,0.88929,0.71101,0.67929,0.59776,0.55267,0.054999,0.048992,0.04881,0.048642,0.048619,0.048684,0.047949,0.89043,0.88539,0.8023,0.71955,0.62569,0.47073,0.081784,0.049253,0.049511,0.048384,0.04867,0.053385,0.82488,0.83777,0.85323,0.79313,0.83605,0.61444,0.52352,0.057578,0.049568,0.049759,0.04884,0.048571,0.88872,0.83243,0.80535,0.79897,0.84498,0.84781,0.6591,0.52253,0.067541,0.053885,0.053691,0.057822
1518148810.0,0.57926,0.20596,0.15512,0.051143,0.048855,0.048652,0.048243,0.048373,0.048436,0.048356,0.048097,0.048099,0.57872,0.20772,0.14836,0.052487,0.049535,0.04929,0.049155,0.048865,0.048965,0.049207,0.048653,0.050362,0.60954,0.35835,0.2978,0.075036,0.049302,0.048271,0.04863,0.048642,0.048817,0.048817,0.048283,0.050894,0.67032,0.63561,0.59337,0.55657,0.053434,0.049048,0.048705,0.049036,0.048727,0.049024,0.048594,0.048895,0.90578,0.71224,0.67748,0.60027,0.56426,0.056033,0.049076,0.048707,0.048884,0.048522,0.048649,0.047959,0.89487,0.89186,0.8006,0.72257,0.63001,0.47625,0.088004,0.049044,0.049363,0.048327,0.048536,0.049294,0.82437,0.8286,0.83944,0.78696,0.82917,0.6061,0.52739,0.058065,0.049575,0.049898,0.049006,0.048585,0.88747,0.82807,0.79548,0.79343,0.84615,0.84724,0.65585,0.52099,0.068523,0.053574,0.054794,0.059655
1518150104.0,0.58105,0.21362,0.17011,0.051521,0.049008,0.048701,0.048221,0.048473,0.048552,0.048271,0.048026,0.048204,0.58054,0.21621,0.16433,0.052795,0.049411,0.049362,0.04925,0.04888,0.048954,0.049273,0.048706,0.05098,0.60934,0.36195,0.31064,0.081423,0.049397,0.048232,0.0492,0.048806,0.048907,0.04872,0.048098,0.050972,0.6674,0.63782,0.59444,0.56633,0.054632,0.049019,0.048738,0.048976,0.048598,0.049061,0.048676,0.048732,0.89558,0.71311,0.67681,0.60963,0.5747,0.057888,0.048586,0.048786,0.048545,0.04855,0.048825,0.048022,0.90294,0.89948,0.80303,0.725,0.6307,0.48683,0.095544,0.049194,0.049451,0.048496,0.048586,0.051877,0.82031,0.82234,0.83723,0.78853,0.83239,0.60186,0.53076,0.058258,0.04949,0.049708,0.048935,0.048632,0.8869,0.82009,0.78898,0.79025,0.84824,0.84379,0.64678,0.52306,0.068506,0.05363,0.053567,0.059076
1518151396.0,0.58267,0.21951,0.18378,0.05158,0.049002,0.04861,0.048266,0.048404,0.048432,0.048294,0.048004,0.047948,0.58104,0.22157,0.17979,0.05273,0.049392,0.049368,0.0492,0.048912,0.048978,0.049301,0.048707,0.050186,0.61012,0.36771,0.3206,0.0892,0.049299,0.048243,0.048511,0.048788,0.048773,0.048768,0.048204,0.050797,0.6664,0.63206,0.59876,0.57423,0.056208,0.048913,0.048633,0.048883,0.048738,0.048968,0.048579,0.049129,0.89388,0.71309,0.67777,0.6111,0.5805,0.059099,0.049147,0.048825,0.048737,0.048537,0.048472,0.048246,0.90056,0.90532,0.79809,0.72451,0.63799,0.49115,0.10516,0.049104,0.049568,0.048387,0.04849,0.051758,0.80947,0.81163,0.82511,0.77351,0.82701,0.5954,0.53383,0.058615,0.049359,0.049853,0.04877,0.048471,0.89689,0.80505,0.77955,0.78855,0.85271,0.83807,0.6479,0.52608,0.070624,0.054014,0.05339,0.058855
1518152690.0,0.58497,0.22649,0.20651,0.051608,0.04913,0.048675,0.048188,0.048356,0.048643,0.048348,0.047945,0.048055,0.58294,0.22764,0.19736,0.052997,0.049477,0.04929,0.049156,0.048926,0.04916,0.049281,0.0486,0.05117,0.61179,0.37149,0.33643,0.098518,0.049441,0.04835,0.048473,0.048762,0.048804,0.048928,0.048089,0.050753,0.66595,0.63418,0.60102,0.57232,0.05854,0.049091,0.048848,0.048881,0.048793,0.048987,0.048559,0.049134,0.86834,0.71369,0.67841,0.62141,0.59104,0.061503,0.049377,0.048772,0.048902,0.048513,0.048452,0.047915,0.91074,0.91933,0.79761,0.72203,0.63809,0.49664,0.1153,0.049207,0.049504,0.048356,0.048589,0.053421,0.80271,0.80361,0.82062,0.76957,0.82392,0.59387,0.53922,0.059262,0.049567,0.049724,0.048664,0.048608,0.89376,0.79815,0.77164,0.78731,0.84869,0.82997,0.64348,0.52849,0.070917,0.053744,0.053949,0.062535
1518153984.0,0.58383,0.23299,0.21236,0.051686,0.048933,0.048442,0.048092,0.048345,0.048424,0.048337,0.047972,0.047659,0.58197,0.23432,0.21098,0.052709,0.049294,0.049297,0.049083,0.048768,0.048897,0.049214,0.048487,0.049625,0.60984,0.37581,0.34951,0.1099,0.049068,0.048068,0.048629,0.048473,0.048848,0.048749,0.048049,0.050397,0.66355,0.63001,0.59959,0.57224,0.061241,0.049042,0.04879,0.048854,0.048605,0.048942,0.048416,0.04849,0.84616,0.70844,0.67425,0.61485,0.59378,0.063759,0.049026,0.048646,0.048597,0.048626,0.04819,0.047762,0.91755,0.93409,0.80068,0.72035,0.64004,0.50183,0.12846,0.049075,0.049345,0.04815,0.048371,0.053007,0.77654,0.78946,0.8203,0.75971,0.82228,0.58322,0.53696,0.059735,0.049411,0.049619,0.048914,0.048342,0.89017,0.78711,0.76233,0.78435,0.84452,0.82784,0.63937,0.52838,0.071915,0.053565,0.053466,0.057156
1518155278.0,0.58663,0.2398,0.22603,0.052065,0.048837,0.048596,0.048261,0.048325,0.048411,0.048339,0.048184,0.047918,0.58443,0.24143,0.2224,0.053141,0.049418,0.04934,0.049064,0.048926,0.048935,0.04932,0.048593,0.049375,0.61179,0.38068,0.36203,0.12558,0.049298,0.048236,0.048759,0.048695,0.048898,0.04885,0.048087,0.05058,0.66328,0.62946,0.60267,0.5732,0.064867,0.049188,0.048884,0.048958,0.048773,0.048995,0.048533,0.048907,0.84439,0.70937,0.6771,0.61984,0.60442,0.067024,0.049304,0.048804,0.048559,0.048313,0.04849,0.04783,0.93058,0.94609,0.7991,0.71819,0.64188,0.50126,0.14343,0.049289,0.049377,0.048214,0.048404,0.051989,0.77149,0.7843,0.82128,0.75901,0.83148,0.58317,0.54435,0.060578,0.049506,0.049742,0.04881,0.048368,0.89221,0.78333,0.75226,0.77959,0.85139,0.82976,0.63528,0.5333,0.073118,0.053639,0.053958,0.059083
1518156572.0,0.58559,0.24357,0.24278,0.052365,0.049989,0.048655,0.04829,0.048413,0.048447,0.04833,0.047977,0.048032,0.58334,0.2442,0.23401,0.053451,0.049463,0.04922,0.049154,0.048956,0.049061,0.049265,0.048787,0.050288,0.61093,0.38434,0.3737,0.14183,0.049428,0.04825,0.048618,0.04863,0.048851,0.048726,0.048059,0.050788,0.66438,0.62378,0.60168,0.57421,0.069296,0.049065,0.048946,0.048959,0.048657,0.048952,0.048614,0.048857,0.84143,0.70841,0.67621,0.62287,0.611,0.069832,0.049161,0.048865,0.048826,0.048569,0.0484,0.047923,0.94029,0.96079,0.79356,0.71469,0.64485,0.50804,0.15822,0.049244,0.049455,0.048409,0.048531,0.04952,0.76738,0.77353,0.81697,0.74931,0.83086,0.57695,0.54351,0.060993,0.049449,0.049838,0.051654,0.048497,0.90026,0.77585,0.75195,0.77277,0.85604,0.83615,0.63067,0.5311,0.073792,0.053914,0.054774,0.057946
1518157862.0,0.58712,0.25228,0.26067,0.052773,0.049048,0.048637,0.048219,0.048367,0.04846,0.048882,0.047915,0.048117,0.58326,0.25478,0.24271,0.053885,0.049534,0.049397,0.049141,0.048844,0.049125,0.049238,0.048518,0.049352,0.61089,0.39017,0.38314,0.16247,0.049294,0.048232,0.048753,0.04863,0.048836,0.048861,0.048108,0.050782,0.66191,0.62764,0.6016,0.57608,0.075131,0.049179,0.048682,0.048887,0.048614,0.049161,0.048611,0.048857,0.83875,0.70681,0.67386,0.62198,0.61295,0.073609,0.049071,0.049029,0.048722,0.048492,0.048663,0.047892,0.94749,0.95694,0.78685,0.71342,0.6445,0.51057,0.17568,0.049437,0.0495,0.048317,0.048537,0.051307,0.76638,0.77248,0.80482,0.75625,0.8253,0.5716,0.53888,0.062107,0.049584,0.049842,0.049701,0.048721,0.91068,0.78516,0.75374,0.77835,0.85923,0.84191,0.62839,0.53045,0.075242,0.053803,0.05337,0.056405
1518159154.0,0.58818,0.25692,0.25781,0.053062,0.049105,0.048737,0.048275,0.048343,0.048416,0.048321,0.047981,0.048032,0.58453,0.25596,0.25213,0.054477,0.049549,0.049367,0.049228,0.048819,0.048952,0.04926,0.048705,0.050566,0.61177,0.39275,0.3954,0.18331,0.049308,0.048224,0.048603,0.048556,0.04879,0.048687,0.048119,0.050868,0.65919,0.61837,0.59957,0.57534,0.08141,0.049059,0.04874,0.048928,0.048515,0.049303,0.048621,0.049018,0.83703,0.70349,0.67546,0.62049,0.61984,0.078021,0.049206,0.048662,0.048918,0.048619,0.048533,0.048128,0.95408,0.96749,0.78509,0.71468,0.64633,0.51557,0.19657,0.04928,0.049565,0.048388,0.048688,0.05164,0.75969,0.77069,0.80483,0.74902,0.83253,0.56624,0.54285,0.063103,0.04953,0.049793,0.048815,0.048859,0.90119,0.78163,0.75366,0.79128,0.86467,0.84378,0.61944,0.53087,0.076746,0.053781,0.055144,0.063298
1518160450.0,0.58867,0.26104,0.26682,0.053294,0.048949,0.048573,0.048106,0.048389,0.048471,0.048413,0.048132,0.047989,0.58468,0.2578,0.26425,0.054603,0.049586,0.049237,0.04904,0.04878,0.049012,0.049113,0.048655,0.049504,0.6105,0.39675,0.40446,0.20881,0.049409,0.04814,0.048795,0.048652,0.048811,0.048697,0.048124,0.050604,0.65901,0.61915,0.60087,0.57671,0.089308,0.049335,0.048822,0.048911,0.048669,0.049052,0.048517,0.049554,0.83119,0.70038,0.67383,0.61788,0.61834,0.084622,0.049643,0.048817,0.048518,0.048398,0.048167,0.047916,0.96281,0.98245,0.78636,0.7105,0.64385,0.51421,0.2161,0.049264,0.049283,0.04814,0.048279,0.051267,0.75796,0.7671,0.80178,0.75387,0.83787,0.56359,0.53933,0.064176,0.04964,0.049679,0.048674,0.048457,0.90746,0.77878,0.75099,0.78165,0.86639,0.84282,0.6169,0.53512,0.07817,0.053651,0.053993,0.057929
1518161744.0,0.58726,0.26659,0.2741,0.053886,0.049174,0.048667,0.048217,0.04833,0.048462,0.048344,0.048199,0.047959,0.58373,0.26999,0.27162,0.054935,0.04952,0.049355,0.04923,0.048828,0.048877,0.049252,0.048839,0.051909,0.61236,0.40108,0.41075,0.23497,0.049482,0.048271,0.048773,0.048771,0.048911,0.048677,0.048378,0.050812,0.65756,0.61783,0.59968,0.5774,0.09614,0.049407,0.048845,0.04892,0.048717,0.049108,0.048542,0.048249,0.8298,0.69421,0.67102,0.61454,0.61856,0.090191,0.049225,0.048915,0.048786,0.048462,0.048765,0.047952,0.97306,0.98783,0.78659,0.70434,0.64307,0.51939,0.23753,0.04925,0.049387,0.048281,0.048438,0.048329,0.76142,0.77692,0.80678,0.75878,0.84357,0.55692,0.53717,0.065531,0.04962,0.049731,0.04868,0.048875,0.9099,0.77626,0.75476,0.7873,0.87113,0.83875,0.61304,0.53075,0.079642,0.053933,0.055058,0.056519
1518163036.0,0.58866,0.27448,0.28245,0.054352,0.049097,0.048566,0.048109,0.048257,0.048426,0.048247,0.047978,0.047759,0.58438,0.27519,0.28032,0.05541,0.049582,0.049151,0.048966,0.048705,0.0488,0.048967,0.04867,0.049053,0.61039,0.40906,0.41817,0.26125,0.049689,0.047989,0.048477,0.048682,0.048558,0.048628,0.048175,0.050681,0.65615,0.61879,0.59696,0.57989,0.10456,0.049178,0.048739,0.048778,0.048423,0.048841,0.048483,0.048614,0.82818,0.69119,0.6709,0.61082,0.61552,0.099318,0.049313,0.048733,0.048422,0.048362,0.048713,0.047903,0.98371,0.99028,0.77924,0.70398,0.64127,0.51998,0.26081,0.04912,0.049327,0.048222,0.048368,0.049811,0.76408,0.77971,0.81515,0.76755,0.85448,0.55489,0.53568,0.066561,0.049478,0.049548,0.048954,0.048628,0.90325,0.77814,0.75398,0.78609,0.87358,0.85338,0.60967,0.53162,0.081352,0.053672,0.053394,0.059231
1518164328.0,0.58924,0.27965,0.29356,0.05522,0.049048,0.048688,0.048243,0.04829,0.048382,0.048251,0.047983,0.048077,0.58444,0.28187,0.28964,0.056023,0.049539,0.049335,0.049097,0.048916,0.048985,0.049168,0.048702,0.050006,0.61018,0.41344,0.42376,0.28792,0.04936,0.048165,0.04867,0.048622,0.048821,0.048722,0.048173,0.0506,0.65384,0.61767,0.59722,0.58453,0.1123,0.049207,0.048696,0.048865,0.048688,0.049003,0.048649,0.051928,0.82289,0.68532,0.67125,0.61614,0.6128,0.10821,0.049601,0.048628,0.048847,0.048587,0.048462,0.048026,0.98646,0.99233,0.77687,0.70199,0.64683,0.52488,0.28191,0.049347,0.049328,0.048332,0.048471,0.050375,0.76696,0.77789,0.8101,0.76897,0.8593,0.54768,0.53076,0.068086,0.049409,0.049703,0.048664,0.048557,0.85851,0.80257,0.7628,0.79215,0.87507,0.85009,0.60562,0.52929,0.083367,0.053867,0.053763,0.056147
1518165622.0,0.58907,0.28521,0.29969,0.055848,0.049178,0.04869,0.048256,0.04853,0.048338,0.048181,0.047862,0.048229,0.58497,0.2886,0.29565,0.057187,0.049305,0.049307,0.049162,0.048796,0.048941,0.049078,0.048639,0.049964,0.6111,0.41261,0.43213,0.31568,0.049461,0.04841,0.048695,0.048477,0.048771,0.04869,0.048045,0.050856,0.65311,0.61034,0.59671,0.58193,0.12318,0.049293,0.048821,0.04889,0.048412,0.048881,0.048492,0.049197,0.82166,0.68491,0.66994,0.60932,0.614,0.12113,0.049855,0.048736,0.048631,0.048556,0.048428,0.048274,0.99719,1.0055,0.77586,0.7009,0.64169,0.52763,0.30263,0.049403,0.049212,0.048264,0.048499,0.048836,0.76339,0.79135,0.82381,0.77483,0.86928,0.54673,0.52923,0.069313,0.049619,0.049908,0.04959,0.048711,0.85985,0.77561,0.74928,0.77797,0.88478,0.85573,0.59845,0.5301,0.085312,0.053843,0.053384,0.056602
1518166914.0,0.58886,0.29337,0.3197,0.056659,0.049016,0.048653,0.048157,0.048288,0.048331,0.048273,0.047857,0.047602,0.58523,0.29414,0.30525,0.057991,0.049737,0.049245,0.049058,0.048892,0.049139,0.049145,0.048627,0.04969,0.61197,0.41568,0.43744,0.33855,0.04939,0.048195,0.048655,0.048549,0.048732,0.048712,0.048093,0.050512,0.6526,0.61381,0.59466,0.58133,0.13661,0.049356,0.048709,0.048803,0.048578,0.048953,0.048567,0.048611,0.81305,0.68009,0.66801,0.60665,0.6103,0.13551,0.049904,0.048766,0.048774,0.048386,0.048272,0.047997,1.008,1.0091,0.77231,0.69328,0.63718,0.5254,0.32517,0.049355,0.049556,0.048233,0.04836,0.050662,0.77048,0.79205,0.82807,0.77797,0.84963,0.54344,0.52399,0.072144,0.049418,0.04957,0.049426,0.048547,0.8543,0.78021,0.76256,0.80478,0.90175,0.85885,0.59659,0.53257,0.088302,0.053634,0.053651,0.057124
1518168206.0,0.58916,0.29827,0.31559,0.057959,0.049459,0.048768,0.048237,0.048365,0.04853,0.0484,0.04796,0.047934,0.58483,0.29766,0.31134,0.059549,0.049691,0.049452,0.04918,0.048862,0.049127,0.049199,0.048453,0.050682,0.61012,0.41605,0.43947,0.36055,0.049409,0.04827,0.0485,0.048739,0.048821,0.048632,0.048279,0.050935,0.65214,0.60888,0.59466,0.58495,0.15055,0.049427,0.048682,0.048949,0.048653,0.049015,0.048741,0.048957,0.8109,0.67877,0.66801,0.60373,0.6081,0.15288,0.050136,0.048877,0.048717,0.048598,0.048474,0.048083,1.0153,1.0179,0.77149,0.6938,0.63889,0.52977,0.34427,0.049577,0.049524,0.048349,0.048609,0.050727,0.75635,0.79146,0.83066,0.781,0.84915,0.53524,0.52132,0.073741,0.049815,0.049797,0.049006,0.048595,0.85624,0.78079,0.76137,0.77729,0.89458,0.85452,0.59339,0.53045,0.089894,0.053878,0.053802,0.058599
1518169500.0,0.58956,0.30251,0.32336,0.059356,0.049316,0.048749,0.048134,0.048301,0.048409,0.048246,0.048066,0.048057,0.58573,0.30569,0.31881,0.061294,0.049611,0.049354,0.049132,0.04868,0.04882,0.049103,0.048735,0.049547,0.61017,0.42117,0.44088,0.38346,0.04931,0.048233,0.048432,0.048543,0.048719,0.048618,0.048001,0.050738,0.64759,0.60849,0.5927,0.58673,0.16921,0.049554,0.048608,0.048796,0.048491,0.048895,0.048479,0.048089,0.81005,0.67054,0.6639,0.60029,0.60453,0.17181,0.05015,0.048806,0.048803,0.048521,0.048561,0.047887,1.0265,1.0318,0.76318,0.69339,0.64137,0.53209,0.35913,0.049504,0.049382,0.048369,0.048533,0.048757,0.74412,0.80623,0.83683,0.77138,0.80898,0.53127,0.51427,0.075489,0.049493,0.049796,0.049665,0.048448,0.8508,0.77199,0.75,0.78949,0.91202,0.85737,0.59407,0.52806,0.09272,0.053758,0.053331,0.057931
1518170794.0,0.58873,0.31151,0.32787,0.06122,0.049653,0.048907,0.048301,0.04837,0.048471,0.048248,0.048136,0.047933,0.58396,0.3141,0.32223,0.063452,0.050077,0.049387,0.049297,0.048684,0.048831,0.048934,0.04843,0.050627,0.61141,0.42533,0.44367,0.40439,0.049384,0.048106,0.04822,0.0484,0.048692,0.048417,0.047932,0.050965,0.65222,0.60956,0.58972,0.58309,0.18813,0.049529,0.048598,0.048892,0.048323,0.048903,0.048347,0.04904,0.80708,0.67178,0.65917,0.60268,0.60711,0.19215,0.050352,0.048601,0.048439,0.048508,0.048735,0.047881,1.0259,1.041,0.76073,0.68914,0.63488,0.53007,0.37165,0.04943,0.049224,0.048285,0.04848,0.051952,0.74355,0.80621,0.83964,0.77492,0.80425,0.53427,0.51214,0.079149,0.049615,0.049787,0.048796,0.048602,0.85629,0.77071,0.74726,0.77949,0.9222,0.81588,0.58926,0.52864,0.095845,0.053788,0.05454,0.059037
1518172088.0,0.59014,0.31383,0.3379,0.063153,0.049537,0.048823,0.04828,0.048297,0.048412,0.048232,0.048136,0.047809,0.58633,0.32152,0.33291,0.065452,0.049759,0.049351,0.049199,0.048761,0.048893,0.048988,0.048577,0.050768,0.61181,0.43554,0.44621,0.42453,0.049501,0.04821,0.048359,0.048415,0.048772,0.048595,0.048389,0.050896,0.65115,0.60813,0.59111,0.58457,0.2066,0.049557,0.048687,0.048839,0.04861,0.048938,0.048551,0.049733,0.80188,0.66665,0.65589,0.60328,0.60551,0.21655,0.050413,0.048799,0.048562,0.048553,0.048694,0.04804,1.047,1.043,0.75952,0.68509,0.63369,0.53018,0.38395,0.05086,0.049343,0.048344,0.04869,0.05145,0.74119,0.81779,0.85078,0.73981,0.80431,0.5295,0.50863,0.082123,0.04941,0.049626,0.049097,0.048589,0.85664,0.77033,0.74506,0.76298,0.85202,0.81601,0.58562,0.5241,0.099649,0.053905,0.053346,0.060492
1518173382.0,0.58877,0.32337,0.34242,0.065446,0.049814,0.048882,0.048211,0.048397,0.04846,0.048267,0.048153,0.04819,0.58516,0.32264,0.33801,0.068437,0.049899,0.049561,0.049405,0.048721,0.048803,0.049099,0.048484,0.050363,0.60986,0.43554,0.44978,0.43723,0.049631,0.048256,0.048459,0.04831,0.048726,0.048569,0.048138,0.051052,0.64863,0.60788,0.58658,0.58207,0.2273,0.049888,0.048631,0.048873,0.048497,0.048839,0.048481,0.049495,0.80064,0.66283,0.65421,0.60016,0.60325,0.24146,0.051243,0.048756,0.04867,0.048509,0.0486,0.048177,1.0535,1.0476,0.75224,0.68064,0.62986,0.52946,0.39625,0.049646,0.049352,0.048408,0.048586,0.055938,0.73549,0.7589,0.79988,0.73597,0.80226,0.52487,0.50572,0.085489,0.04957,0.049759,0.04879,0.048885,0.85631,0.76996,0.74521,0.76174,0.85137,0.81642,0.58218,0.52566,0.1037,0.053814,0.053511,0.058568
1518174678.0,0.5924,0.32754,0.35188,0.068516,0.049606,0.048785,0.048092,0.048317,0.048427,0.048304,0.047989,0.048103,0.58629,0.33378,0.34574,0.07178,0.050539,0.049391,0.049195,0.048719,0.048889,0.049064,0.048627,0.051218,0.61063,0.42995,0.45432,0.4573,0.049538,0.048189,0.048699,0.048564,0.048847,0.048629,0.04801,0.050681,0.64674,0.60499,0.59089,0.58059,0.25292,0.050311,0.048852,0.048909,0.048606,0.048881,0.048553,0.048795,0.79521,0.65787,0.64923,0.59835,0.59982,0.27022,0.051289,0.048933,0.048633,0.048416,0.048516,0.047942,1.0774,1.0532,0.75263,0.67954,0.62942,0.53291,0.40996,0.050086,0.049534,0.048233,0.048521,0.051938,0.73434,0.756,0.79735,0.73364,0.79659,0.52226,0.50048,0.08903,0.049558,0.049764,0.048731,0.048979,0.85737,0.7695,0.74506,0.76504,0.85369,0.81335,0.58032,0.52411,0.10762,0.053864,0.053572,0.059543
1518175972.0,0.59175,0.33056,0.35371,0.072239,0.049733,0.048722,0.048148,0.048235,0.048389,0.048159,0.04796,0.047576,0.58651,0.33811,0.35224,0.076242,0.050346,0.049357,0.049066,0.048804,0.048926,0.048999,0.048682,0.051315,0.61065,0.43594,0.45863,0.47437,0.049495,0.048295,0.048776,0.048729,0.048716,0.048658,0.048116,0.050615,0.6438,0.60347,0.58795,0.58202,0.27515,0.050595,0.048673,0.04885,0.048697,0.048896,0.04847,0.048739,0.78826,0.65364,0.64523,0.59322,0.59906,0.29509,0.051442,0.048851,0.048512,0.048383,0.048483,0.047806,1.0959,1.0519,0.74194,0.67641,0.63229,0.53242,0.42148,0.049721,0.049218,0.048229,0.048345,0.049853,0.727,0.74996,0.79534,0.72834,0.79553,0.52191,0.49602,0.094468,0.049496,0.049706,0.048815,0.048907,0.84859,0.76418,0.7447,0.75616,0.84568,0.80606,0.57599,0.5222,0.11162,0.053484,0.053574,0.059508
1518177260.0,0.59422,0.33528,0.35772,0.076552,0.050075,0.049106,0.048341,0.0485,0.048458,0.048338,0.048087,0.047922,0.58329,0.34247,0.35326,0.082303,0.050571,0.049626,0.049267,0.04895,0.048962,0.049062,0.048711,0.050796,0.60964,0.43931,0.45982,0.48701,0.04972,0.048462,0.048392,0.048638,0.04863,0.048694,0.048066,0.051234,0.64151,0.6,0.58115,0.57925,0.29409,0.050636,0.048648,0.04878,0.048589,0.04887,0.048475,0.049588,0.78885,0.64922,0.6421,0.59415,0.59938,0.32179,0.052167,0.048881,0.048631,0.048584,0.048452,0.048186,1.1044,1.051,0.73597,0.669,0.62635,0.53102,0.42906,0.05167,0.049277,0.04846,0.048695,0.05275,0.72185,0.74546,0.79158,0.7252,0.79147,0.51564,0.49394,0.099863,0.04951,0.049816,0.04941,0.048807,0.85075,0.76671,0.74561,0.7574,0.84306,0.81031,0.57367,0.51888,0.11621,0.053819,0.054424,0.055126
1518178552.0,0.60142,0.34505,0.3648,0.081925,0.050173,0.048889,0.048167,0.048329,0.04835,0.048237,0.047901,0.048049,0.56698,0.34476,0.36038,0.088632,0.050633,0.049512,0.049127,0.048799,0.048867,0.049167,0.048606,0.049341,0.60772,0.45155,0.46562,0.49932,0.049529,0.048291,0.048585,0.048573,0.04857,0.048722,0.048263,0.050919,0.64145,0.59807,0.58564,0.57928,0.31513,0.050953,0.0487,0.04884,0.048513,0.048821,0.048472,0.048498,0.78323,0.64561,0.64368,0.5934,0.59518,0.34338,0.052761,0.048743,0.048578,0.048553,0.048263,0.048046,1.1223,1.0498,0.73037,0.66664,0.62533,0.53488,0.44057,0.050336,0.049367,0.048372,0.048444,0.053317,0.72534,0.74637,0.7902,0.72383,0.79399,0.51298,0.48719,0.10668,0.049532,0.049798,0.051599,0.049056,0.85058,0.76829,0.74193,0.75701,0.84902,0.81231,0.57284,0.52424,0.123,0.053986,0.055122,0.058751
1518179846.0,0.61456,0.34517,0.36405,0.088038,0.050226,0.048864,0.048206,0.048254,0.048348,0.048155,0.048133,0.048034,0.57188,0.35482,0.36115,0.097702,0.050764,0.049603,0.04902,0.048758,0.048981,0.049143,0.048636,0.050204,0.60839,0.44538,0.46883,0.51358,0.049623,0.048276,0.048494,0.048635,0.048716,0.048665,0.04809,0.050709,0.63906,0.59692,0.58434,0.57975,0.33665,0.051134,0.048608,0.048876,0.048562,0.049369,0.04847,0.048478,0.78014,0.64053,0.62833,0.58468,0.58533,0.36008,0.053531,0.048967,0.048745,0.048455,0.048251,0.047775,1.1516,1.0434,0.72804,0.66053,0.62089,0.52991,0.44798,0.052484,0.049386,0.048328,0.048505,0.050772,0.72152,0.7423,0.78707,0.72676,0.79159,0.50825,0.48064,0.11247,0.049596,0.049827,0.049196,0.049142,0.85055,0.7651,0.74323,0.76265,0.85619,0.818,0.57615,0.51692,0.12842,0.053921,0.054855,0.056128
1518181138.0,0.61217,0.34835,0.37018,0.09487,0.050851,0.049193,0.048178,0.048386,0.048336,0.048228,0.04809,0.048122,0.5746,0.35771,0.36349,0.10641,0.050993,0.049697,0.049242,0.048809,0.048909,0.049047,0.048503,0.050446,0.60638,0.44275,0.47012,0.52397,0.049901,0.048387,0.048611,0.048364,0.048875,0.048596,0.048244,0.051019,0.63708,0.59238,0.58064,0.57631,0.35795,0.051537,0.048742,0.048837,0.04862,0.048868,0.048514,0.048671,0.77962,0.63613,0.62523,0.58253,0.58851,0.37678,0.053482,0.048962,0.04864,0.048431,0.048383,0.048319,1.1714,1.0346,0.71936,0.65317,0.61285,0.52639,0.45373,0.05058,0.049309,0.048492,0.048703,0.050626,0.71647,0.73952,0.78496,0.72439,0.78723,0.50486,0.47534,0.12,0.049521,0.05003,0.049096,0.048748,0.85156,0.76683,0.74038,0.75802,0.85317,0.81527,0.57131,0.51423,0.13526,0.053798,0.05348,0.055875
