,growh_rate_Plate1_2 Feb 2018,growh_rate_Plate2_2 Feb 2018,growh_rate_Plate1_8 Feb 2018,growh_rate_Plate2_8 Feb 2018,growh_rate_Plate1_15 Feb 2018,growh_rate_Plate2_15 Feb 2018,growh_rate_Plate3_2 Feb 2018,growh_rate_Plate4_2 Feb 2018,growh_rate_Plate3_8 Feb 2018,growh_rate_Plate4_8 Feb 2018,growh_rate_Plate3_15 Feb 2018,growh_rate_Plate4_15 Feb 2018,growh_rate_Plate5_2 Feb 2018,growh_rate_Plate6_2 Feb 2018,growh_rate_Plate5_8 Feb 2018,growh_rate_Plate6_8 Feb 2018,growh_rate_Plate5_15 Feb 2018,growh_rate_Plate6_15 Feb 2018,growh_rate_Plate7_2 Feb 2018,growh_rate_Plate8_2 Feb 2018,growh_rate_Plate7_8 Feb 2018,growh_rate_Plate8_8 Feb 2018,growh_rate_Plate7_15 Feb 2018,growh_rate_Plate8_15 Feb 2018,growh_rate_Plate9_2 Feb 2018,growh_rate_Plate10_2 Feb 2018,growh_rate_Plate9_8 Feb 2018,growh_rate_Plate10_8 Feb 2018,growh_rate_Plate9_15 Feb 2018,growh_rate_Plate10_15 Feb 2018,lag_phase_Plate1_2 Feb 2018,lag_phase_Plate2_2 Feb 2018,lag_phase_Plate1_8 Feb 2018,lag_phase_Plate2_8 Feb 2018,lag_phase_Plate1_15 Feb 2018,lag_phase_Plate2_15 Feb 2018,lag_phase_Plate3_2 Feb 2018,lag_phase_Plate4_2 Feb 2018,lag_phase_Plate3_8 Feb 2018,lag_phase_Plate4_8 Feb 2018,lag_phase_Plate3_15 Feb 2018,lag_phase_Plate4_15 Feb 2018,lag_phase_Plate5_2 Feb 2018,lag_phase_Plate6_2 Feb 2018,lag_phase_Plate5_8 Feb 2018,lag_phase_Plate6_8 Feb 2018,lag_phase_Plate5_15 Feb 2018,lag_phase_Plate6_15 Feb 2018,lag_phase_Plate7_2 Feb 2018,lag_phase_Plate8_2 Feb 2018,lag_phase_Plate7_8 Feb 2018,lag_phase_Plate8_8 Feb 2018,lag_phase_Plate7_15 Feb 2018,lag_phase_Plate8_15 Feb 2018,lag_phase_Plate9_2 Feb 2018,lag_phase_Plate10_2 Feb 2018,lag_phase_Plate9_8 Feb 2018,lag_phase_Plate10_8 Feb 2018,lag_phase_Plate9_15 Feb 2018,lag_phase_Plate10_15 Feb 2018
A1,0.4811276371649336,0.35661414484053855,0.4185807051213841,0.4224508825831369,0.38187945339257734,0.33340717779538953,0.48173409264383665,0.4662205474607794,0.6173933559684309,0.6069607850189976,0.5390982763781075,0.5005074545143381,0.39400668664587835,0.38647313502278063,0.0,0.0,0.3002921272520575,0.31734989681061565,0.34209498595709914,0.33583507070182683,0.39829114507223295,0.39681846522346215,0.31454498701577877,0.30178107904391444,0.37927299049615987,0.3342398829017296,0.46077369025866816,0.4223739411889688,0.3609429968342674,0.3879676033946512,0.67721858566741,6.232140808529134,1.492938595939993,4.125665564331428,5.485244582568661,5.855597904245578,2.5395303344038482,2.0996483169140334,1.4311965341328057,1.5910812705738124,-0.41440397056840506,1.0425812816030597,3.6858855383823474,3.924929024947241,1.028272000129732,0.0,4.255218348737435,3.9490085812916207,2.1811195169208832,2.139044548030438,1.8099908984346875,1.269798610491005,7.535191356106349,6.458831097327762,3.575039681383691,3.5354981649191006,2.6433497798224037,2.5817847668331413,12.343349363392697,12.360085716546891
A2,0.6312651226582194,0.5253308949506961,0.6754097381562997,0.6979734416180261,0.5509618153589215,0.5178800985196227,0.651002569458047,0.5444531220969321,0.6680260046511675,0.7078164101342433,0.802128200482285,0.5415811154348608,0.45827912886986977,0.47640801864647353,0.5464827959824151,0.661595202059308,0.5249918499680397,0.5301801951497701,0.6437917421307565,0.7351466992148769,0.6511967973129459,0.6220735417102066,0.6195347341326757,0.6204852025546934,0.5863424839189368,0.6275564758797895,0.6246503609811286,0.6529349420033931,0.605337270579873,0.7040082437760258,-0.12366950126804765,0.8793864797492836,0.8306664259594276,2.0525027659297828,0.5372753563214812,1.5831791514040776,-0.31929492944384885,0.14970847422737377,0.46804392577753884,-0.02772686072263042,-0.12208090661219195,-0.14116535275236186,1.1123510420671767,1.1101437270838694,3.926678510417183,3.3908988876339277,0.5825772636200366,0.5761104341313223,-0.08211016138120908,-0.18555327266548172,-0.1895155844277291,-0.18755945657522521,-0.31264267563820747,-0.399003902968289,-0.05942076801286578,-0.24817971435403796,0.1725411764971576,-0.18549033819305105,1.0464524153748191,0.8819751651980261
A3,0.7437427607591928,0.6762287102686116,0.6769492571747633,0.6999927379297949,0.6491160386497903,0.5882362720090447,0.7533091471194351,0.9157693241255992,0.9143851198213612,0.7980857154287604,0.785451558777663,0.6703501331399339,0.5752768704062597,0.5650682904982516,0.7688836655578906,0.6895140963048694,0.7453672833219077,0.7667130882249752,0.7108667053736075,0.7660262524489958,0.8151043988831883,0.8224222753220723,0.7842637684245939,0.9465725921106348,0.7489994546618757,0.782736906166756,0.7287272220043187,0.7499169914407948,0.7423902728617277,0.750296288454531,-0.08279653674924548,-0.2736308187077793,0.5209275377619882,0.9032218308703566,-0.18728283578789073,-0.28850400526686815,-0.14081566480302565,-0.08962118407423769,-0.10612865947426231,-0.00421308211583149,-0.09053525494465797,-0.2699285597926382,0.8618008866225102,0.2831221059718336,1.616498912295893,1.643566494122617,-0.15112201762477773,-0.12705332160128946,-0.029538891965488645,-0.07148306862487719,-0.04883037043946137,-0.06488500129768571,-0.03156950185447849,-0.16894583542558828,0.019567380277879298,0.00012776561166449873,-0.025231415681045477,0.19021448982488898,-0.023919053985488214,-0.016562265964229272
A4,0.7796679235325599,0.7069710786987681,0.6704800495434632,0.8726013779246842,0.8040399921792323,0.7912044629743095,0.8114268306960343,0.9998928536725384,0.7811366779677904,0.7868263722665716,0.9412347793082422,0.7716566445802042,0.767530714624459,0.5785341371199921,0.6918813501179166,0.7433425215355263,0.8495931968422388,0.9015439843392873,0.7388530274582957,0.729516371259521,0.8546620748442779,0.8401397858951205,0.8443493383627851,0.9857672505600863,0.7699051227141491,0.7497053520775022,0.741475737812834,0.7100439453795877,0.7811610873617898,0.6996004981711033,-0.06041680911940517,-0.07544554123879388,0.16412547134733857,-0.18915770926341957,-0.14572007278542198,-0.2245993291128765,-0.04561476496559036,-0.17192616297153074,0.04934023149537836,0.08347834998909864,-0.15464313514190187,-0.03446270747535285,-0.3584500333048748,0.20016031165700143,1.3296354292631267,0.9493051118167568,-0.10272896658514497,-0.1517015137477521,-0.030931749391657215,-0.028854639213719002,-0.07893669525039937,-0.06094772364960077,-0.08004280443807421,-0.17238564858668026,0.01678780742547259,0.07605806656607461,0.11397799825085664,0.2045673096770475,0.022495647291431276,0.014987651603619812
A5,0.7132556681561721,0.7563678809703415,0.9410178726684327,0.7785945642928151,0.8179822157182972,0.9114939851229358,0.7873994607077615,0.8371278837810762,1.0427861424057063,1.0142640248056798,0.9441544490230184,0.9699531244730534,0.6456426645967887,0.6359861277251445,0.6865944510706342,0.6497547485495285,0.8634771272212887,0.9917819850269787,0.7243605183590418,0.7373178055878278,0.8535075862957132,0.8297483168086921,0.81643633721071,0.8251138800199312,0.6946346268788882,0.749812937811045,0.7829145819859972,0.7440897982572666,0.7648149717785284,0.8607056014598855,0.07381060596541422,-0.035619289340985794,-0.10465079070094518,0.12269716288708099,-0.10560831327106524,-0.18469861548156552,-0.030480305225292992,-0.04737835599950069,-0.10501628214972014,-0.127569773014104,-0.14909058849011003,-0.22846537033209724,-0.018993046322655416,-0.0420304378844516,0.11370470553465895,-0.10882392692583653,-0.08334980619090004,-0.1468170012144493,-0.04748976323777965,-0.04794932312277622,-0.04571739005257647,-0.01700729830211667,-0.026051640614276783,-0.051236813348422894,0.001982256355328893,0.03392086769725844,0.11901577269518782,0.054499255681251135,-0.0032858642935629234,-0.08173693497818457
A6,0.8992075770972311,0.8278716012634589,0.8967637382429852,1.0541993212888001,0.8217304834510036,1.0109325180151252,0.8326229668397228,0.8112854426254723,0.8388029703215013,1.106425174801703,0.9555229812128226,0.9909301818260942,0.7236485380126224,0.7465498784988024,0.8220939113706207,0.6544673391122289,0.9717416321830286,1.0005900711207807,0.7618010627556957,0.7635709263488062,0.8585641537429691,0.8585268364823181,0.8804957449593867,0.7787523572048424,0.7512180173665891,0.7269000230980339,0.785708145558329,0.8945878517211813,0.7620155571936438,0.8149187454849814,0.005472987154305442,-0.025836199473565857,-0.06059351026694615,-0.14735491942981183,-0.09358902980536121,-0.1771402415381894,-0.04106939037419921,-0.019509867321244045,0.0017956999833479426,-0.18187540825843895,-0.1510190227252074,-0.1436239849898011,0.030571783670615638,-0.06851882042559998,-0.056841615234245135,0.1383233887218136,-0.15605470046630066,-0.11718124190710366,-0.029340934705468724,-0.04317311248382327,-0.0011577669483500141,-0.05100406195706475,-0.1020460503038626,-0.016647624242023373,0.042940512366327344,0.0686715939409055,-0.042918734251090385,-0.13546379200949954,0.006217961680093476,-0.07186012187375523
A7,0.8559293319758888,0.7314683120005158,0.0,0.8262184036307942,0.5344323502481483,0.9928406309216936,0.673058254546459,0.7849433448912897,0.8588379822234691,0.8199522842453046,0.9022816458695732,0.762327456034224,0.667697546576414,0.736748901053678,0.8778718465827973,0.7436836725943087,0.8680136371024628,0.8064099572514138,0.6560432343208717,0.5835077840297106,0.8684328084772407,0.7993147105572717,0.9341645044278105,0.7976831440055365,0.6954758165641769,0.7259224692164704,0.6998326240928819,0.6817688763524887,0.7670298506139488,0.6627208471695979,-0.1192153957894706,0.02899127804911683,1.297868460706617,0.03219127158434465,-0.24301384196718168,-0.15255610500680206,0.007153581045955759,-0.03409480346404736,-0.049715505446311314,-0.012747725131433074,-0.13874042935276076,-0.04060265506642646,-0.05170464618745574,-0.012699929248622066,-0.07252482106198266,-0.035810200280428583,-0.079180366716331,-0.05296555148643822,0.09915759973092453,0.0044438675342781675,-0.06954411599735932,-0.021481604498702067,-0.14799916748087272,-0.05708070593339343,0.014319639877163226,-0.07841047600329865,0.0393678692593622,-0.028390679265302254,-0.01671549060964761,-0.00011382699395956486
A8,0.0,0.0,0.0,0.0,0.0,0.0,0.21875767204943983,0.0,0.0,0.0,0.0,0.0,0.0,0.0,0.0,0.0,0.0,0.0,0.0,0.0,0.0,0.0,0.0,0.0,0.0,0.0,0.0,0.0,0.0,0.0,0.0,1.312061017964453,1.4561722687645684,0.9902211960219027,2.3205137326413343,1.339053930247026,37.661089660098824,2.2701953966896298,0.9380313071589121,0.7629236553368273,1.5084060849967997,1.593750196852728,0.0,1.7426287108483862,0.9404332154291772,1.476338343889303,1.5346677317160982,1.4347061045022436,0.0,1.3515936278559195,1.5345317139680397,1.0358356294017526,1.3636101127563762,1.2793696921936437,0.0,0.7554481511491318,1.9715370715453915,2.1074408461366367,1.3311227406625434,1.400749890478874
A9,0.3880844154286849,0.36493796740750484,0.46925569005066503,0.0,0.0,0.0,0.3096216468303103,0.4276223394260985,0.31108821489036426,0.4817861194585302,0.266601673540702,0.26732637588729075,0.4294167608697186,0.0,0.0,0.0,0.0,0.0,0.25020975020965996,0.2247719957913614,0.40251015649615973,0.0,0.0,0.44584094278046815,0.3894289462609612,0.3556811872215932,0.4450381550401245,0.0,0.0,0.0,13.380495607129609,17.02846714669818,16.494483058240228,0.0,0.0,0.0,17.331874492821473,20.0036077880385,5.392884887309543,3.5859036975265823,5.689731099507961,6.180778012679757,36.649054589768625,2.621825671726313,1.0497419259846374,0.8471009227779298,1.3736978449182935,1.3736277204337135,17.699623760010375,17.350192218040156,4.8649323254805825,0.0,0.0,16.2162919331342,21.32834951556901,34.13158689842634,17.965547856150565,0.0,1.2744046903281294,1.0810987694267773
A10,0.44022826692495626,0.3101001723970585,0.0,0.0,0.0,0.0,0.2690452152298601,0.0,0.0,0.0,0.670630591882672,0.657988502985188,0.0,0.0,0.0,0.0,0.0,0.0,0.7426758123858671,0.7050909854839208,0.0,0.0,0.48434859341645675,0.4631656578951746,0.7591705170228195,0.9006678238960814,0.7617021850561739,0.7688946582920554,0.7866843607896636,0.8865345261302259,-0.03599566564276857,-0.7229945928857657,2.649893671406751,1.032041634853087,0.0,5.982970961657422,0.36375464863874507,0.0,1.8631156472475787,1.2545915524141513,-0.2752302711547824,-0.23428772916708362,3.2868144062006195,3.6486699941455925,1.6345248605886837,1.2324387980878733,6.982636502640524,6.538767105628811,-0.16775260826192817,-0.03836422903627901,0.0,0.0,14.505995570853628,14.957314911902737,0.034347198596791584,-0.08109519091674444,0.0564335922610959,0.1056216954132434,0.010356197191319527,-0.05439042007253603
A11,0.17575410592153368,0.1166040994453841,0.697777707343811,0.6852003016304977,0.0,0.0,0.0,0.0,0.0,0.0,0.48455512320270644,0.45244774037244356,0.0,0.0,0.0,0.0,0.0,0.0,0.4973468827156985,0.5673295680054444,0.0,0.0,0.6478030050248591,0.6485167761261643,0.7619805718175476,0.8040728237629814,0.7740638779890923,0.7657615880540957,0.7458421208363192,0.8447125679451836,0.77370882894581,42.673009302739075,13.810214165660923,13.714057962713301,0.0,4.799834963065635,0.0,0.0,2.067826545704566,1.3239872228822378,-0.35911658553988723,-0.37089151899830197,3.8681997553608554,0.0,1.1798119857472145,1.2209624260454603,6.295095226662841,4.261200552733758,-0.25093643962728207,21.595666219147063,1.6577194816542082,1.8166833845590666,14.608526554886105,15.095957993665051,0.07149343055630664,-0.024656639515669987,0.013369877059289603,0.02078858943692552,-0.012626125581976622,-0.0705442231656922
A12,0.13943511992570848,0.2644188582182629,0.6699505904386612,0.0,0.24126069914742237,0.0,0.0,0.0,0.0,0.0,0.0,0.0,0.0,0.0,0.0,0.0,0.0,0.0,0.0,0.0,0.0,0.0,0.0,0.0,0.6489735293249111,0.6644587277837071,0.6633022253907087,0.6957521844127822,0.4145824048025921,0.4791108061678394,24.73685699535685,54.47661098001398,13.641876791793095,1.1835518574751305,0.9464608832370405,2.890776867952791,3.818278686956461,4.217915816610542,2.1417711600456073,0.9120081504643771,6.141141717080716,6.084789458393383,3.223662143927946,3.36230056543922,0.8586131181231842,1.0482310392062644,3.5683011177465858,3.0720395404807697,3.520408560845823,0.0,1.4480114484117195,1.5752368211607433,3.4998636038996658,3.1351624904071933,-0.057031461353701185,-0.012707917209728414,-0.08468670260025402,0.14997721874671543,-0.20638373880030025,0.3746992968276537
B1,0.1459614169486165,0.0,0.5667401483331002,0.0,0.0,0.0,0.0,0.0,0.0,0.0,0.0,0.0,0.0,0.0,0.0,0.0,0.0,0.0,0.0,0.0,0.0,0.0,0.0,0.0,0.6306804620217158,0.6829548592693745,0.6243790175679104,0.6429006967416057,0.6940647807573523,0.0,17.72698038351571,2.334516142884681,16.47046076101979,2.142293832025519,2.225008922954114,2.777897065899154,3.57714439256268,3.0456947496276996,0.7705818712022854,1.1514557289072478,3.9049001519820976,3.3350207900906312,0.0,3.177549722621322,0.7724722282706047,0.9771595899823353,2.7716412915146904,2.3674081251365884,1.825823955521912,3.137636827798424,1.9274045754902112,1.3104921605842712,2.4925871396768606,2.7128126438954325,11.968993200553275,10.966357130728706,11.533742348351176,12.12818235183546,13.045393233581045,0.0
B2,0.6316492752333367,0.5229905345180147,0.0,0.7435271684012752,0.5216441211213128,0.5969565470609793,0.5589202834697633,0.6049287196600122,0.0,0.0,0.9313365691144464,0.765788791020013,0.34998783339999245,0.0,0.0,0.0,0.48096300429622574,0.49411446976735035,0.9103381074897688,0.7334102736016404,0.8576814410130342,0.8262795526461798,0.7861857810601819,0.7868689132442812,0.6989137447892838,0.7528870631895254,0.7950238995167208,0.8262264663679642,0.782454888782135,0.8509201850298184,-0.17565292488655349,-0.24843420030212915,0.0,13.250154564966664,-0.28174843606284505,-0.34354573303561975,-0.2140922202266744,-0.1846779839088355,1.9196907647685286,2.5159920195949397,-0.18990997688194433,-0.06353339817612735,0.6942951331803922,0.0,2.8397787532687744,2.1574101542956896,-0.1871129169939666,0.049279733499241196,0.09194165267109633,-0.05002973539305644,-0.08502856877915976,-0.06750153478768095,-0.03743776490938322,-0.03905565592145499,0.06755540645285452,0.030237911880681034,-0.022135187773064335,0.04365452689891014,0.015551192860673968,-0.09372979303909623
B3,0.5578014309107885,0.32905943325621567,0.0,0.7270597173810803,0.29231194146605716,0.0,0.44657200823053816,0.37519554493026286,0.0,0.0,0.8269684471771248,0.8342307712701171,0.0,0.0,0.0,0.0,0.4801079647047787,0.0,0.7258448201529286,0.711004791836788,0.49505757681833995,0.49637158690235816,0.7941602772707217,0.7709607941489116,0.7452798341510793,0.7881516518563559,0.7879836009007292,0.7625695140994541,0.8471389458867792,0.9016865528550442,-0.22530694423249353,-0.26768992429787164,1.8951991906321126,12.463282965003229,0.34019417459633716,0.0,-0.23532817651166504,-0.34834389119094866,1.7265426667196984,1.3056297378409454,-0.19012954254550096,-0.18863860558989687,0.0,3.7646339828434563,1.663049768211824,1.4361756464535844,-0.46193383037425373,0.0,-0.036335403414802236,-0.049099047235041104,-0.245204393129819,-0.3310465215311349,-0.04887384798482575,-0.042481259819838635,0.01334290508447955,0.10081930751932044,-0.026858815999489916,0.0017485902773781703,-0.018183822710948983,-0.08656931184363448
B4,0.6198611549598549,0.2596137124509683,0.6974266718457092,0.0,0.0,0.0,0.3149876002652776,0.34096569377951,0.0,0.0,0.8358399707512468,0.6441776601952299,0.0,0.0,0.0,0.0,0.0,0.0,0.703236374925594,0.7001909789776932,0.42229185246259704,0.3927806991837358,0.7597076894664404,0.7154668500538701,0.7617631769296169,0.7631107488182209,0.7940148700194,0.7688614377131479,0.7779101584544263,0.8669000302240852,-0.2788025407419885,-0.4890993664869894,14.067378927009376,1.7670323531034207,0.0,6.519778136046089,0.026240639662394205,-0.32461624116058196,1.1220969529950793,1.3227002270083723,-0.24947120708697856,0.14528617573348868,3.7985237122678015,4.465468926847699,1.985032443749887,1.7308142017403831,0.0,0.0,-0.017849070675823975,0.05226769605389947,9.987000668727365,10.225253447991395,-0.08923452690963862,-0.10991921317273068,0.03721696544839692,0.029070927371771083,0.04821012488352738,-0.007348033330645043,0.028105407184980224,-0.07617941008338491
B5,0.45335201831291866,0.0,0.0,0.0,0.0,0.0,0.0,0.0,0.0,0.0,0.0,0.0,0.0,0.0,0.0,0.0,0.0,0.0,0.0,0.0,0.0,0.0,0.0,0.0,0.7239158544952007,0.7348840883526884,0.0,0.0,0.5808578760473431,0.0,-0.09021543414835309,1.659791428902757,1.8937648990143927,1.0372656197787826,1.9699411179112118,2.230713151907377,2.7636173968632534,2.1885677180524823,0.9656938362846219,1.3739294998750822,3.1759307075426584,2.2994055735413355,1.69265440921275,1.417959622167153,0.6871583857430039,1.1380555856885373,1.9008408162472605,1.8126121879311192,2.121522320055753,2.312512669470813,1.0294761583330185,0.8199124864650038,1.6108645974474385,2.1754914347109313,14.270597450109408,13.36495172937565,0.0,0.47767823118316954,16.15330613261222,1.045933925519961
B6,0.0,0.0,0.0,0.0,0.0,0.0,0.0,0.0,0.0,0.0,0.0,0.0,0.0,0.0,0.0,0.0,0.0,0.0,0.0,0.0,0.0,0.0,0.0,0.0,0.0,0.3926330528110115,0.0,0.0,0.0,0.0,1.955436101939334,1.9228542933213433,1.0545942302613547,0.7650623183644356,1.7289386712114876,1.7260123066249342,2.0387303510650057,2.070946613804331,0.8894325309428162,1.5542405596069493,2.1070386430571837,2.0439512058289147,33.40679231420006,0.0,0.7181638761535822,1.3930241421672278,1.5132575098546113,1.7486146310904402,2.2818508802657433,2.3194651696267314,2.021765599567363,0.9190699812319423,1.5262195748865004,2.3863977325008747,0.0,27.73165793991192,1.3710809232360575,1.4361629098756836,1.5992554108860872,1.6435526125951831
B7,0.20844247004814637,0.0,0.0,0.0,0.0,0.0,0.0,0.0,0.0,0.0,0.0,0.0,0.0,0.0,0.0,0.0,0.0,0.0,0.0,0.0,0.0,0.0,0.0,0.0,0.0,0.37962459568479495,0.0,0.0,0.0,0.0,31.42583250005177,0.0,1.411622269436016,0.7999585930791007,2.3103540682546644,2.1121454264435258,0.0,0.0,0.9365418174635494,1.0744522648111356,2.702441903892428,1.6043607301890788,2.3161532135002503,2.072530319031152,1.0760514971061639,1.2692538866271619,2.0234434140370574,1.6319474601283162,0.0,0.0,1.4015360150893166,1.6249988237942965,2.5212645057090874,1.8838656558773827,0.0,25.45390371955907,1.9819698679218511,2.4342677922583142,1.8398116132002613,1.152203861997343
B8,0.21921939842263077,0.2888448929286138,0.0,0.0,0.0,0.0,0.41095866864497743,0.42521266524383455,0.0,0.0,0.0,0.0,0.28300615970220794,0.3053255699109292,0.0,0.0,0.0,0.0,0.33533398578953155,0.3310817543938982,0.0,0.0,0.0,0.0,0.3495772962107227,0.4622558878150962,0.0,0.0,0.0,0.0,4.774187884552891,25.702381619041276,1.346956336434019,1.146452013915816,1.7351340396111077,2.2104712847323675,28.449406549058267,21.5690206747406,1.138549336846875,0.7260294543197503,2.5767797038171167,2.6093262811400564,4.667768544429508,32.557598491408825,0.8269802323581352,1.0330551837718893,2.1538021640277023,2.0250661241189647,19.43550377639333,19.827355987578976,0.6739180478738653,1.3637713161474778,1.8422927397113753,2.4812318899383534,24.502293114833062,22.029865077301324,0.0,0.0,1.7861316353284522,2.48826387196004
B9,0.5080051224399654,0.5325612130874253,0.48524593045310604,0.5399203515949754,0.4365671712836019,0.5697675814611174,0.6038172984953303,0.6047643002602692,0.47734865509924207,0.4768630426073462,0.6749384342145294,0.8121708863786934,0.5561537430577386,0.5798664064300263,0.0,0.0,0.5461953251373445,0.5781618708975031,0.6131246952673565,0.5971501911816746,0.5611996331171554,0.556563838948401,0.6064811313095485,0.5672382197683867,0.8718484882288801,0.7894788241919993,0.7811148467078721,0.8126446430385142,0.7831192473939309,0.7694067076792236,-0.10348175335150656,2.340070154777532,10.725795197487535,14.055572489877656,0.17493790764192418,2.539280647386722,1.0273002854478914,1.43445329642747,13.63546559610463,13.675321539762697,0.13664732865317486,-0.04034412385342678,4.155821547238008,4.5052042066368,1.1843220440538147,1.6804104585953326,1.4313596709720557,1.5809364824548657,0.09675175859079621,0.10911551784706264,4.326682817436247,4.047758891864829,0.8691700212330358,0.31892922981469196,-0.08566864789066164,-0.020603033410666938,0.11731822915487378,-0.011015934669957206,-0.0010316346809418064,-0.06168650090522565
B10,0.34590662867756683,0.4932102117534995,0.5401677800596083,0.5250756519895108,0.5191444512673119,0.5680493322192459,0.6377803707879759,0.6010218682975323,0.5400895176788655,0.5269682678927461,0.795348444509848,0.7390959843201574,0.5977508559345946,0.6299903163066455,0.0,0.0,0.6159651060706293,0.6147682802957459,0.6829406686725906,0.6981966971375938,0.5835570953756358,0.575876606451553,0.8352537454987302,0.6543406659397757,0.7660027161317733,0.7484368202238639,0.8002697244880287,0.723025907241689,0.817421494870001,0.716555659786023,0.4223387821999415,0.6976764424865536,8.069688150610146,14.22378426860925,-0.18803919818332449,0.7225211691367375,0.31010621494271673,0.9063882274790425,9.033817719991992,10.332384707194192,-0.1556785161661539,-0.14872573129716204,2.768371422808928,3.6129455740124357,0.0,1.5323798764086867,0.4862539927789151,0.5648991819098637,0.010863987524568186,0.07497959950893485,1.9197953810596085,2.088653090604187,-0.23500437811384134,0.04158396289139077,0.12701635122700394,0.10122529166738659,0.059086980799383015,0.18065730602249697,-0.003448915671964592,0.11197003684466966
B11,0.3148614836988474,0.3379090625550475,0.45787576176856415,0.0,0.4277381155838037,0.0,0.4060057127643188,0.4241058862616757,0.0,0.0,0.4207970574836425,0.4386964443242295,0.23982942979374985,0.6683160224159369,0.0,0.0,0.0,0.0,0.380513386158602,0.38730017990456567,0.0,0.0,0.0,0.0,0.40495018827810625,0.3946651865334261,0.46277939675848506,0.40938509027061,0.535727101647945,0.555668634703588,0.5892644218252951,30.597221924689745,18.843277773859292,0.7764188508999297,2.7370875556173004,3.709991505507979,5.911827096156856,8.121766873741665,0.0,0.617052838213084,3.500522597276943,3.518191781749747,25.864130426094516,19.556797996546468,1.1842423727185967,0.8329378616164149,2.3530444417299528,2.1637767980549327,11.43330889382084,11.53461353362155,0.6730141298639047,0.8017502630736466,0.0,0.0,6.869347900486935,6.7150412486664495,8.122172409951716,8.098505835237297,14.367012220446803,13.545770052181352
B12,0.37375405887053037,0.5237697439523108,0.543056362140383,0.5999414038908955,0.4444763148543912,0.47975042872703966,0.5353500637940511,0.5281355533332114,0.5192510412118124,0.0,0.5510095973360604,0.5538185321624963,0.4857130502273236,0.4789060675175599,0.0,0.0,0.49726664293416145,0.49966387513800126,0.43028750409356037,0.41939410622536377,0.46231112246689404,0.4445082017970153,0.512130982067318,0.5017627438967145,0.7511331190167034,0.5952001454429242,0.6605774291939833,0.697274969060839,0.5287963266970189,0.48499677875178676,-0.18668175686484378,4.10692033786633,14.27796712271961,14.938296752033693,-0.2199670606724201,4.577066443553006,2.784622214300303,2.810197416022508,18.269458163785504,0.0,0.5187694081792782,-0.25211509057417936,6.304463119342675,6.985228404260795,1.3016282673487574,0.979862271587308,3.9658575572554606,4.4072765741538165,1.4994885141472536,1.1604537999184679,15.922076976534335,15.994376086375084,3.0033247394582374,3.0104765289897397,-0.25089458281133015,-0.007118744909474506,0.08435297510370576,-0.1704776669299436,-0.3789308415467605,0.09576564604571391
C1,0.5686934051568869,0.5160720299984868,0.0,0.6408873808592044,0.6036802827327137,0.5522172607704641,0.5945300501791722,0.6179685520182152,0.5839096839569092,0.5992836242895255,0.7704811323378878,0.7421791512920382,0.5922964230059969,0.6025633471444959,0.5227716772303538,0.5365862118826137,0.6558214631823298,0.6445566482537184,0.7671606558560188,0.7218846748668396,0.8178436173301054,0.9546251714781868,0.8495923544401619,0.7283055272748087,0.6981630817178905,0.6657162301390259,0.8716341001974324,0.7249560011350512,0.7732803266286792,0.6970854619783243,-0.21326842040094074,0.07392641012478363,2.4953991323254066,4.775758595399271,-0.16892984657026577,0.15432509722084475,0.21450306667845065,0.06085951969876424,3.4590634860124023,4.295827153909386,-0.09597045496379286,-0.05491664228420756,0.8202526633991587,0.8201600748849716,4.161278249941441,4.981532207755498,-0.14302377932222488,0.11174172279200478,-0.12522055138502053,0.10718622937410793,-0.034481807400142506,-0.19868158102634448,-0.09294922013867535,0.0109625455806166,0.06204347794778364,0.04563434077288053,-0.1870466879346866,0.044417094789531486,-0.0006237511014826058,-0.03214070393211388
C2,0.6374378544266978,0.49579055787083265,0.6075182015222713,0.5923172571474415,0.5593741546623238,0.5640852478801374,0.6480314219928092,0.6606533445949041,0.5643371344021539,0.5738614436206596,0.8274180159077447,0.7687486529926361,0.6158078355590284,0.6450374259556722,0.504356260975184,0.46557499482251774,0.6565432729479793,0.6928463529589096,0.6816522138584121,0.7933867840352028,0.6784732334902533,0.6615400126683078,0.7534484345718913,0.7134234100192356,0.7863591365009733,0.795436458667359,0.8424028597583579,0.7456717600470533,0.7719719241870964,0.8603667200036856,-0.11524454654350291,0.35220649022459094,5.994223184799256,12.008377982282315,-0.12477566810170682,0.6951761925086926,0.9437952351336079,0.15293044507880138,6.951665240188296,6.135333115920266,-0.13054302429550324,-0.1470268735615301,1.825714378648177,2.0557364903118307,12.04697426709392,14.064701211462818,0.13466010688804486,0.4077689163073943,0.055984407804293035,0.08000906107959027,0.575531693181544,0.5960640648435738,-0.04137233505620186,-0.046418043346117766,0.003518717035867369,0.006228799306228439,-0.021881078134969423,0.02129277928027018,0.014062797249289272,-0.07890019074464472
C3,0.5475971714820678,0.49573721274863886,0.5529745101746795,0.636998140911475,0.5239810732859922,0.5640052412279377,0.6339464718687603,0.6337447947642703,0.6005181878799627,0.6015754424176704,0.8791896236775415,0.8717032411198009,0.6270804094910278,0.644322029368418,0.5079900005074912,0.5186285322805996,0.6843275703535276,0.6601430287905216,0.6771119690184767,0.7235087305742761,0.676241561663522,0.6872358263089332,0.8082364987739501,0.9296132750821314,0.7778573174051737,0.9477393719259186,0.785104266148646,0.7733767125877998,0.7726840267656405,0.7760478483276142,-0.14669868010453802,-0.13438652787380356,5.120438842134994,6.88026023408405,-0.04841871320827629,0.407795156269672,0.3948092672618273,0.08307043242493428,5.081973481622642,5.8798314526795465,-0.17910974771225296,-0.16541319451948933,1.0437436346580231,1.351723453256548,6.863736838400413,9.206846380889555,-0.2667007698051187,-0.014097164017102592,0.04242579708660199,-0.09236492376664784,-0.12638148595299947,0.1326911915691018,-0.06431945593899924,-0.18196712303707574,0.07242454345342719,-0.12186911961463431,0.02781457337466886,0.06793042494695545,0.00831791585913777,-0.010472017843541681
C4,0.3535070359919027,0.33262246307622223,0.0,0.0,0.5675184629604106,0.0,0.35475287713688014,0.34812523525978734,0.0,0.0,0.0,0.0,0.0,0.0,0.0,0.0,0.0,0.0,0.4018607313547741,0.2168461475000345,0.0,0.0,0.0,0.0,0.17748094739395814,0.2278684758001246,0.0,0.0,0.0,0.0,7.910220455588501,58.39955489450313,1.383824705922084,1.2867702509291838,-0.2197060688313699,1.7508486410900481,28.99725199772265,28.365927336757814,0.8660510767483913,0.0,0.0,2.332995565798594,2.655848568645105,2.5867874158532373,1.0357797707504623,1.1066105700110924,1.7107620591743142,1.702112890906001,55.700833308345,33.461332013101234,1.5510330946430884,1.2561470257474667,1.737287448073399,1.298620611970712,46.41412245196745,6.905536283599083,0.937709667900215,0.9045759872737662,1.3038060140409904,1.391855670783258
C5,0.6625830379993217,0.0,0.0,0.0,0.5630791753277281,0.0,0.0,0.0,0.0,0.0,0.0,0.0,0.0,0.0,0.0,0.0,0.0,0.0,0.0,0.0,0.0,0.0,0.0,0.0,0.0,0.0,0.0,0.0,0.0,0.0,-0.10589273800984533,0.0,1.7709670153579502,1.4680149872277148,-0.21317803709405736,2.2483391631247436,2.1103707282579265,1.9529533588385704,1.0196080775251417,1.3890974527464408,1.8981052176916897,3.0728154508237537,2.570796289784525,2.386247198295962,0.0,1.1392166456521018,1.7319418793172439,1.6882002270601149,1.0189779951410998,2.473025186309215,1.0322543736788923,1.106572085409109,2.297779606131993,1.7135073443734719,1.578734711996745,2.1138160478610715,0.8127218874987214,0.990918461914081,1.3231873931952158,1.6573827793561975
C6,0.0,0.0,0.0,0.0,0.0,0.0,0.0,0.0,0.0,0.0,0.0,0.0,0.0,0.0,0.0,0.0,0.0,0.0,0.0,0.0,0.0,0.0,0.0,0.0,0.0,0.0,0.0,0.0,0.0,0.0,3.4079978976801044,3.2671504016385455,2.411773376934697,1.4531951743599514,4.0579971314792935,1.937368372595074,4.933914830891048,2.1050664141843214,1.3874898248673766,1.575637727545331,2.618115703200168,2.62308527668241,4.9622744106792425,7.814473516974317,1.6939163857300876,1.9008249064694134,1.9126541702512867,1.656421586269314,3.5424190337243573,1.684064286469848,1.474729278641533,1.4458766554318991,2.0720836067843713,1.6404689606251637,2.2265762539725458,1.1503538381664171,1.6572615476179884,1.0851074246901788,1.2155335065437178,1.1035816728820187
C7,0.0,0.0,0.0,0.0,0.0,0.0,0.0,0.0,0.0,0.0,0.0,0.0,0.0,0.0,0.0,0.0,0.0,0.0,0.0,0.0,0.0,0.0,0.0,0.0,0.0,0.0,0.0,0.0,0.0,0.0,1.5852687253340818,1.0514015684617632,1.6293654856908972,1.0296248885086037,2.1516172445465216,1.9649774304558605,2.702410028373656,0.937600728109885,1.774100513819377,1.1544174074394746,1.5034217527755551,1.2266381800566357,1.0692100331095205,1.2749861965652443,1.0814800819189259,1.4710586017048577,1.4853102824675837,1.589603637815248,2.060698237974087,1.7839533351983974,1.0301475212657394,1.4738819362746973,1.2947277232898884,1.2010588761807917,1.3886058995813002,1.820026626403525,0.28729797396301393,1.361568037766542,1.4929253436890413,1.4007633007570277
C8,0.49478476183390074,0.0,0.0,0.0,0.28217282742941074,0.0,0.0,0.0,0.0,0.0,0.0,0.0,0.0,0.0,0.0,0.0,0.0,0.0,0.0,0.0,0.0,0.0,0.0,0.0,0.0,0.0,0.0,0.0,0.0,0.0,-0.08422570458150702,1.476280783725052,1.5395296330009494,1.3638518816857896,0.3009900439718901,1.3003142824432885,1.5231283856187403,2.5834471709974736,0.8115064547262527,0.8745104592367241,1.8375105551211703,1.4808701021208748,2.0305077813648538,1.938653922437652,1.5919166141655836,1.2320333797493745,1.5785232132247984,1.2876496921780216,1.8585310739585168,1.3234162362702264,1.6808948392933019,1.2889046154169002,1.8405132297745865,2.375100359587641,1.9139275725919163,1.9484442934653572,2.2231041205915716,1.6448294146902604,1.35084579978502,1.105944860948604
C9,0.5529320814620525,0.0,0.0,0.0,0.0,0.0,0.0,0.0,0.0,0.0,0.0,0.0,0.0,0.0,0.0,0.0,0.0,0.0,0.0,0.0,0.0,0.0,0.0,0.0,0.0,0.0,0.0,0.0,0.0,0.0,-0.14120798431926784,1.8248170661033996,0.8977442575082577,2.3433894663751857,1.3650552657373538,1.2820525261920785,1.9891028216979976,2.6040081782411093,1.4354364568933171,1.8916232014263414,1.5763813857767879,1.4256585469864156,2.1801172321329645,2.1809710661735835,1.3799637354741172,1.8215487345152113,1.458856350720044,1.7829633076021523,1.1905952464340857,1.5846165983739766,2.0670531974515995,1.7390993123504543,1.1850878469292248,1.1573087390597863,2.358063547034263,1.9300516646345045,1.0898300559060452,1.1259128760288952,1.42394442240359,1.347822913870253
C10,0.6993260826798271,0.4862217894740163,0.51756374893197,0.44627049967694693,0.6889572532048579,0.505422972603319,0.4988042816150118,0.4932731560296175,0.5881215404390558,0.5820433980177796,0.45702340872577196,0.3991997826839313,0.34370951732677935,0.4106049673694446,0.37057527504257826,0.43396802505515863,0.36726648007721513,0.37540993635662884,0.37069132631471724,0.3677932282435186,0.4250569411554873,0.5044503753812375,0.3988618661902234,0.4460248882776734,0.6175255319753679,0.579049550817387,0.5724312693050497,0.5639429934047612,0.6052998264549243,0.5666551426698494,-0.07039271085606125,2.6395157978698007,0.7753331590677801,2.294867274708394,-0.090657605875481,3.995809952145548,1.1714840082447018,1.664892090563883,0.9267914120631233,1.0120450738056683,0.853363239487817,1.1205211155016666,4.727229038694073,5.273486040905166,4.814667136232912,5.583348797523067,3.0134511776102872,3.526039863889359,2.58868266959651,3.3412017641973897,1.2626449182536095,2.1031797894283066,2.438379801809768,3.121383240557275,15.317052094456237,14.296226124551174,13.856838737226541,13.905347590387168,8.486533014268293,17.348852996636328
C11,0.6270750359879805,0.48162991344147765,0.2151040840914313,0.5140128199045337,0.6619798944247991,0.4736478670877682,0.26077374221501753,0.2753722930232246,0.2938219476951135,0.4178623558077251,0.3634293559710357,0.25444307081669376,0.4459118745123504,0.4914756844565601,0.0,0.0,0.0,0.0,0.3090552155676071,0.3574157091447221,0.0,0.0,0.0,0.0,0.28246754930397155,0.6827206610824127,0.0,0.0,0.0,0.0,-0.332241380346892,16.877909512080475,8.450053170344823,15.927303341396104,-0.1591839163765102,16.613213299546622,9.696260641662748,9.231096189758123,2.657296769569935,2.326613775244294,2.545449693257824,4.474871063577246,29.467595539913145,32.876904530484275,0.8636948262633268,1.1366853766184164,1.4416339343347921,1.7476054188348584,17.25236885683831,18.438504426421517,0.0,0.0,0.0,0.0,27.833267516491702,23.168409036359957,0.0,1.2535743669194694,1.273203054290569,1.5583504445277967
C12,0.7109354100494593,0.7864958340482457,0.54947297518396,0.7550264091305895,0.8806912787384671,0.936040252218701,0.7672411515873847,0.726544720883618,0.959471158598423,0.9533122273531388,0.6960486350000478,0.6315155157461411,0.6768666996579983,0.8474555168827129,0.6633571588243139,0.870789193570278,0.9065229425781178,0.8657314095638641,0.5943185601811911,0.6241491149104926,0.715249542816523,0.6964900755920087,0.976669890769514,0.8877517492851627,0.7677311567802125,0.9124922403229131,0.7948223353231517,0.8128109554862526,0.7654330425434815,0.8962585835543794,-0.23269772250753473,-0.07453015349124137,5.060215202565148,-0.024467584123401442,-0.09685756211667851,-0.17940306362119363,-0.05732657392626839,-0.039479100500672826,-0.189308156635434,-0.10988887475038167,-0.07990980763019861,0.014253274733246224,-0.037343709452782536,-0.1959711804179708,0.0035500746400433103,-0.08386137487867662,-0.13193874878314094,-0.1769612281635825,0.0269008879732493,-0.0341169484859809,-0.07335886244598178,-0.09124233365845569,-0.17167970607530147,-0.16760050010568106,-0.0141176743227025,-0.1917400708787973,-0.012317670110291945,-0.10535745020255383,-0.04109646869169947,-0.13168484499567779
D1,0.67659245015981,0.9182548167513201,0.8846845202061651,0.9704988126588021,0.5845227520124021,0.9500635780305693,0.764284387799791,0.7933165782117836,0.9163506923244991,0.9860474458129458,0.8680830514779434,0.7240065209316561,0.9311510525860689,0.6507103723479558,0.7083104454883626,0.6686622954153545,0.7403303815130884,0.8785536230387601,0.715046997052528,0.5904899357319662,0.686552539194279,0.7447842302458736,0.7202352786380853,0.7836826897755984,0.7390502818599164,0.7392454776130114,0.7697263652426137,0.8256245405781604,0.8027554297155632,0.8630689463682397,-0.1874169393671422,-0.1563617747215933,-0.0791954892257174,-0.14863565202842066,-0.19161669316233432,-0.20422662289532711,-0.027445370654035295,-0.0666023821503523,-0.15714834794175636,-0.16978342430486915,-0.17920590551061422,-0.04947476236285364,-0.2914661223958295,-0.10184729678223858,0.18279500393681636,-0.03826803634421594,0.038338278677370274,-0.09793615659755439,-0.1078619638581908,-0.05217972058371789,-0.03460543313775555,-0.08571358479143587,-0.058015788729402384,-0.09195240327884247,-0.028134203017415205,0.10241615463405518,-0.02290558744080451,-0.07608129034679756,-0.028098870582060842,-0.12739040779540423
D2,0.6692465536334041,0.766519952056264,0.0,0.8389176632160728,0.9128641723660892,0.9592739375738796,0.7576729658117944,0.7734943288943025,0.9104905302341443,1.045624076480472,0.8401395138569765,0.6729533888506223,0.7326772153410296,0.7479032140704462,0.9207374182859216,0.8887766079593646,0.8345897901318864,0.7750181164378396,0.0,0.6086413204847784,0.6661488536953559,0.7932890129832624,0.7677324787712511,0.9221728222225363,0.7659173478198561,0.9636093722567919,0.9108987475037664,0.7982733595772831,0.8166094230207481,0.8414572780270727,-0.10770813139419044,-0.07250333804530484,1.7228098910773397,0.17541297108485032,-0.10238119741009111,-0.13607255242819782,-0.05155103704260566,-0.0533373932662371,-0.1567719891599505,-0.22403484217315728,-0.16010605606905814,-0.03860091566279,-0.0659742183398585,-0.07529452462974473,-0.17539496871091875,-0.19696086485870923,-0.12995557251221845,-0.1007372815045745,0.0,0.009919833145532131,0.11686753502133695,-0.15074950268478993,-0.08291019109247677,-0.17213133375753809,-0.033968253374274227,-0.18260054550698113,-0.11735189945468771,-0.09119118469951681,-0.03553868515787695,-0.12633045832061007
D3,0.6102399776527558,0.5110708957987825,0.8809622502022587,0.6865122241337676,0.5532233380110958,0.5642914122989532,0.7341601273540889,0.777522238324153,0.8226107790985799,0.9020250704978042,0.8109495927317897,0.6186031361360093,0.45043184745846077,0.5119879403956755,0.5347653901061091,0.5337573186475184,0.5963083223168488,0.600884613275222,1.4228420801138768,1.3576978589143032,0.6468611261948536,0.6440433150924427,0.8328335000569795,0.6454347652246265,0.7222567699156025,0.7092506594141565,0.8622890823008261,0.7454906474884913,0.7307139444591962,0.7369548336168907,-0.11656247764079641,0.19296998820844724,-0.09910784775594939,-0.059233387435484564,-0.18017377252187872,0.6072923032269868,-0.1832971166872046,-0.20657289808740442,-0.0697488717771817,-0.08646153036529736,-0.14582933530086928,-0.03993730529826889,0.15594954555408513,0.4778069782452712,0.5915847093027062,0.18394820224419206,-0.3077681209315284,-0.15813787340203578,23.935081625269593,25.934708075303877,-0.020903441924115307,0.018274971566845988,-0.11649133225722497,-0.09460322197092597,-0.02354190682070456,-0.021574064733476783,-0.09450187895349516,-0.04758620530170399,-0.14072538882306784,-0.10412211306365271
D4,0.5041428055219399,0.5281142547585794,0.7441076196711995,0.6416258629278326,0.38671345792070655,0.5928265156198227,0.5649908751304912,0.5721329914430462,0.7541826906241599,0.8520147575847316,0.6753340851589035,0.5176213530261614,0.44899178728385913,0.4665879036810317,0.46513359839452717,0.5874411728709953,0.5583390246032688,0.5738311352045007,0.6149146009758165,0.4994364447624089,0.5306445099078086,0.5746549220202549,0.5574057115434875,0.5155597231821517,0.5884724636058029,0.602484233078744,0.6849866388569782,0.6621601222389845,0.6532447031208846,0.6554610199784894,-0.11524667004560418,1.4367927884708167,-0.12185270838239692,0.16483191405292041,-0.013572268475954385,2.03261034005558,0.2969629797589408,0.8971590061156522,-0.08823081695276636,-0.2018053727839273,-0.25251379049341216,-0.12581235601133534,1.7821803841861206,1.9820482535895252,1.2844496556393852,1.6671584936508144,1.0339703985309856,0.9951367912620332,-0.31719695473370857,-0.2173944345140454,-0.14176912384935203,-0.1507274535479738,0.597018468596985,0.6300602649743356,0.7822446767089826,0.4567958298089949,0.39806207521765913,0.7941134378270702,1.2043125028412334,1.2408705073397868
D5,0.6611830228933028,0.7278298393081566,0.8773945376387626,0.7834223858584751,0.41941163295642175,0.9150846148508847,0.742783288445117,1.0540595851592522,0.733498850543102,0.9721851695540634,0.8818421594451035,0.5797052551589882,0.6195494630538485,0.7679388736839377,0.7919975587372972,0.6680346049789659,0.9199713633708634,0.9130965328725514,1.0351723732499192,0.5860128725707049,0.6980888690007426,0.6860240772022979,0.9683903673166486,0.9102483723452705,0.7442208671963867,0.8049867242347697,0.752482642791325,0.7256984818532893,0.958476666961004,0.8417022369568018,-0.15590507004977638,-0.041957689175909474,-0.07342246863997837,-0.03529948223121471,0.030823901208586246,-0.1402247782243785,-0.055449742075640795,-0.22427125330773223,-0.011797700308379677,-0.1674472351179327,-0.1449028794018602,0.044821870204922565,-0.08836189528258853,-0.21636577644533805,-0.15796491174940952,-0.08580318090658279,-0.09180712577706884,-0.12927235826531203,29.433609192333826,-0.009499204818079532,-0.04771643595819708,-0.017949461171114955,-0.18445884300686666,-0.1717027967621706,-0.036180504301997485,-0.07952708761087979,-0.02903851617534403,0.049783808267714,-0.14969268704139826,-0.07680563809365959
D6,0.6667842364104872,0.80273874578685,0.6668194600659407,0.7689714540950657,0.4328600075679637,0.7561235162576901,0.9161706179917825,0.9218638769527664,0.7623359292233242,0.8905092940448508,0.6483483212169847,0.6634620577305371,0.6379174098368261,0.5358977483934568,0.6705360251286663,0.8249034878793154,0.8222530741453294,0.8319473254623373,0.5865968296910773,0.6751120377200444,0.6581990937465411,0.8874327414149328,0.7060187217329841,0.9165865139610025,0.7416942479085052,0.8497696173254621,0.9716799467113686,0.8783763344984081,0.9132855687424205,0.7708567635296619,-0.14918424236688388,-0.2161960601344317,0.34348246579302444,-0.06369744146753697,0.09505698508810423,-0.19641495703063316,-0.18520565453250226,-0.17616282812887396,-0.06611848032900225,-0.0932374216510572,-0.031156272884575564,-0.055443161231730986,-0.3146104938112808,0.317198168823444,-0.07231509045777473,-0.15987185103672752,-0.12670454039635526,-0.1965282039444025,0.02449997055761921,25.28607628120533,-0.01844568269780078,-0.2078803203892886,-0.03968653120355703,-0.1518396400003662,-0.029499259840409797,-0.15231879327812692,-0.22538645544010272,-0.17482512989480714,-0.13054191792833125,-0.015902859942408698
D7,0.29066881484932794,0.0,0.0,0.0,0.4228931160035747,0.0,0.0,0.0,0.0,0.0,0.0,0.0,0.0,0.0,0.0,0.0,0.0,0.0,0.0,0.0,0.0,0.0,0.0,0.0,0.0,0.0,0.0,0.0,0.0,0.0,2.1878065994499547,1.874652395157895,1.3140440999242529,0.831829461380611,-0.18626543854659405,1.6509711646442504,1.8175455950082906,1.957862182486572,0.8311802684558529,0.8384046977771575,1.988239782935711,1.3407595262562104,1.6204067137504836,0.0,1.0680083431880583,1.407977246726162,1.7557904487671294,1.834151083656785,1.5280253327745825,1.2642287692432532,0.821378900360088,1.93266837341055,2.228590967246575,2.3705495982762237,1.9307912412938464,2.180572280877257,1.121573020638568,1.6865805204297288,1.7306450589729856,1.2897584590567988
D8,0.45043371680615735,0.0,0.0,0.0,0.0,0.0,0.0,0.0,0.0,0.0,0.0,0.0,0.0,0.0,0.0,0.0,0.0,0.0,0.0,0.0,0.0,0.0,0.0,0.0,0.0,0.0,0.0,0.0,0.0,0.0,-0.4692053716496276,1.517454067585021,1.390767765602284,1.093244584489053,1.7131294933713157,1.6661613633495556,1.6180449592610628,1.609201160867478,0.8615600661661311,0.7226755837403509,1.816505728929144,2.0090356093232025,1.629164597493613,1.9984254058956665,1.4291295965227917,1.1832741161791134,1.8533058882138143,1.1638810216029896,1.7704117160604724,1.191583739454103,1.8942913400475803,1.0005749399150687,2.36641993678926,1.3945206905117757,1.9200685649022375,1.0562287288948298,0.9653949098468573,0.7475948708819331,1.1071655063241757,1.0275470973784522
D9,0.25676982515469454,0.0,0.0,0.0,0.0,0.0,0.0,0.0,0.0,0.0,0.0,0.0,0.0,0.0,0.0,0.0,0.0,0.0,0.0,0.0,0.0,0.0,0.0,0.0,0.0,0.0,0.0,0.0,0.0,0.0,0.4629090423521629,1.3132203400047544,1.4519140865380997,0.9685842847431054,2.1441975999392042,1.7339396384100496,1.4923467191572257,1.4722158394147442,1.0117338326335563,0.9807051883654836,1.5259222035836935,1.4045540945445083,1.6844903265996578,1.1737428683072366,1.1830774183960955,1.0594442353147784,1.9521398969739217,1.7463474639562442,1.8282279344001608,1.0873461935826612,1.1082583036638027,1.0315670543117115,1.2928064311281844,1.244872040401102,2.005490996192364,1.6003498818280093,0.9717683081438757,0.9564232363989831,1.8118248895728684,1.2164104533824265
D10,0.0,0.0,0.0,0.0,0.0,0.0,0.0,0.0,0.0,0.0,0.0,0.0,0.0,0.0,0.0,0.0,0.0,0.0,0.0,0.0,0.0,0.0,0.0,0.0,0.0,0.0,0.0,0.0,0.0,0.0,1.4864301668598046,1.4288365866626123,1.598658550774168,2.2530646370694676,1.6841431885397924,1.5376481746009247,2.234259427125018,1.854711650383308,0.8423427408662931,0.8887025361314542,1.5042763841028126,1.5232055171362298,2.084577300527691,1.2974942488654477,0.9368386809765141,0.795950369920952,2.022574663683855,1.1620391486952641,1.5047557336330897,1.7067594113191973,1.084103898630513,1.3177434399767058,1.4446195933859904,2.0594410618441223,2.27194688982879,1.6948788109814004,1.097927247918303,1.1413241693871115,1.0275178803131055,1.2270075268646004
D11,0.0,0.0,0.0,0.0,0.0,0.0,0.0,0.0,0.0,0.0,0.0,0.0,0.0,0.0,0.0,0.0,0.0,0.0,0.0,0.0,0.0,0.0,0.0,0.0,0.0,0.0,0.0,0.0,0.0,0.0,1.095625478098313,2.107058409972211,1.427100827868113,0.9302058672562303,2.066454657796811,1.6034403887158142,1.9800315851901118,1.9938238408129862,0.9805577731548567,1.6651937956638427,1.4875820274986395,2.3467204172997818,1.1757999257734895,2.662246799477451,0.8978715925871583,1.61832471925862,1.8478024711536811,1.5551531661574458,2.3707902328665824,2.0432289950957028,1.2621466012669948,1.9148784934028065,1.7439996197763428,2.3271557320383813,2.0262552315492215,1.8487825277925083,1.8769975133525563,2.1615749913024054,1.6482575414938339,1.4233490447472938
D12,0.0,0.0,0.0,0.0,0.0,0.0,0.0,0.0,0.0,0.0,0.0,0.0,0.0,0.0,0.0,0.0,0.0,0.0,0.0,0.0,0.0,0.0,0.0,0.0,0.0,0.0,0.0,0.0,0.0,0.0,1.3393142484216725,1.4955111936349184,1.4256716825412568,0.9792018256867507,1.905590251507288,1.7891307054103969,2.087994588371153,1.584852999128934,0.7336570813448517,0.9344389088041574,2.158099399143314,1.3479152212244472,2.0308245473132374,0.0,1.6563197223271615,1.5444559509152782,2.3335681885354305,1.2453636718655439,2.3757152216741417,1.4669209296967907,1.8220856361278948,1.6081927920757195,1.646061320066103,1.743556689722265,2.014437608300007,1.6231967966988634,2.0932831366759537,1.5979149439740645,1.5244851034021814,1.1090375940104025
E1,0.0,0.0,0.0,0.0,0.0,0.0,0.0,0.0,0.0,0.0,0.0,0.0,0.0,0.0,0.0,0.0,0.0,0.0,0.0,0.0,0.0,0.0,0.0,0.0,0.0,0.0,0.0,0.0,0.0,0.0,1.3392922840398427,2.5234071992881795,1.656486822550061,2.4817492024177916,2.3768275141473474,1.927487465203047,0.0,2.3565676285273582,0.7722052831240518,1.5292326626176411,2.1694806107275717,1.6334232307763443,1.8195046004156694,2.2345330272878527,0.7250281628720927,1.049619976978363,2.474916090984973,2.0636783799802885,1.2182454559926867,1.5380789768663377,1.6099190755071042,1.7814911532707463,2.0591037461552872,1.8528442865672865,0.0,0.0,1.4495796047775151,1.4698014633503647,1.516061342967241,1.3036572156705368
E2,0.0,0.0,0.0,0.0,0.0,0.0,0.0,0.0,0.0,0.0,0.0,0.0,0.0,0.0,0.0,0.0,0.0,0.0,0.0,0.0,0.0,0.0,0.0,0.0,0.38857545721887565,0.8011106198430026,0.0,0.0,0.0,0.0,0.0,2.0336473528084014,1.349830421750795,0.977822817756536,2.4723957431986854,2.689089779317058,39.782098569155174,3.210609743796617,2.061211727019547,0.8920757275200373,2.983454131638606,2.718770520649276,0.0,1.9707694738682235,0.6993897425072788,1.3803297269332298,2.6428756319168443,1.89739232419684,2.0238195147941553,1.5207123558058058,1.1475480623101078,1.6555413709748734,2.322649967714238,2.7934861085452916,26.823756738518888,13.777433701375669,0.0,0.0,2.1286483734195514,1.370919657144242
E3,0.49621617815276187,0.4044025849594311,0.0,0.716488598852527,0.5131927939942711,0.39003648724095574,0.5307998973513885,0.5656063266991992,0.0,0.0,0.7966985664984819,0.677098450857587,0.28236360413987205,0.256977557998982,0.0,0.0,0.5665517265580181,0.6160592607019817,0.741770094661027,0.8968748185205287,0.39123633821248505,0.39278495369151845,0.7699048052131179,0.7596523187300026,0.7292973291475394,0.75847609138232,0.8329616615166301,0.8673705204705459,0.8117211173053687,0.8912389806445202,-0.15184884961621103,-0.1031972855839175,1.6223430696891548,14.805916717308724,-0.22871222064477537,-0.2573833086855086,0.48934826436429013,0.45742558512785036,1.2809804753529015,2.088977230766666,-0.20960226712202779,-0.0759311094084979,1.4897867826408746,1.9716634367262134,1.3621889409253463,1.6034033262457363,0.6346755712851089,-0.2958640572486232,-0.07521575119259338,0.1148035133467028,6.642962244616294,6.891716843093675,-0.0876314937270537,-0.07815136701046155,0.008331877685576972,-0.01561019135925057,-0.0037022465206342225,-0.05062299913646551,-0.002699624677899748,-0.06322567590174011
E4,0.6258197022971913,0.4453955079565385,0.6915659571303425,0.0,0.4784985333642074,0.37620064858289554,0.5290754150769356,0.5310493308479646,0.0,0.0,0.8282799048483722,0.8419068672673771,0.4074821563825811,0.6547647486448074,0.0,0.0,0.6186561792587019,0.6059363768951634,0.8262307049950163,0.7003511292828816,0.48480499209538613,0.4947332842163122,0.8243579821618064,0.7791979241585468,0.8240147436126751,0.749978270596067,0.7651682288498308,0.7510890220371569,0.7737012830199002,0.8219430655282116,-0.19891876986646673,-0.10430379267571821,15.668496772644195,1.9235041926335477,-0.16204216873953925,-0.24174381670390443,0.35648388917189244,0.4223648986397377,1.509222603007224,1.7909023952624743,-0.20051418393822884,-0.15427017343820448,1.224587561951869,1.6279942035732173,1.7910754384697363,1.6784701395043697,-0.24729671068865888,0.34109165164869726,-0.15373273404637944,-0.05078030711794401,-0.3615610051974124,-0.2855303262230007,-0.0659410943839972,-0.06507300803531446,-0.03366834269268215,0.0263380532055546,0.030249533004292006,0.0007748609985083199,-0.0016534645374179924,-0.07486443114081176
E5,0.6080025045412897,0.5589234158875995,0.0,0.6256213182366018,0.5455961792064397,0.6185301926653121,0.5914310527573708,0.5381627038934683,0.0,0.0,0.8503920882779674,0.7539735719205518,0.5032402491357638,0.5314693193787936,0.0,0.0,0.6547290276531609,0.590927855700973,0.730715796140104,0.6767001743315026,0.8257682239241504,0.8671140234219461,0.7640533159966826,0.8489595789529868,0.7096753182871651,0.7165363867877017,0.9558207172152393,1.148140930402422,0.7847134334066972,0.7264380926507893,-0.17237239408146254,-0.10202180710186548,1.4476990050301808,17.76320964909966,-0.31157588598028263,-0.2041898084473378,-0.17092211017531556,-0.13268666471766888,2.3980225440976852,2.417056679532969,-0.12132759989001751,-0.05137983785459477,0.908964875148079,0.8575726281328659,2.4310957627564207,1.466451536157905,-0.09918191062993431,0.06690344352253597,-0.07645313287786404,-0.04735307608155148,-0.04741663883494429,-0.07219489936635293,-0.04109697319994754,-0.11466204100709654,0.020227426286093086,0.09497032479082657,-0.09665327581248506,-0.1524721075700297,-0.016489946224541252,-0.06391818979931552
E6,0.10213939348992007,0.0,0.0,0.0,0.0,0.0,0.0,0.0,0.0,0.0,0.0,0.0,0.0,0.0,0.0,0.0,0.0,0.0,0.0,0.0,0.0,0.0,0.0,0.0,0.676678635512737,0.6789496627783229,0.6625269295764341,0.6878229481794261,0.7081910023854292,0.69149296826584,25.364108316241023,3.471349198592307,1.3845927124489101,0.0,2.844710385592041,2.6343803546140094,4.958263439870912,3.969811120767176,1.1890094842262613,1.3936962795294612,4.9921014677924,4.633176675957257,2.749395021073866,3.129667854901946,2.0457612461882597,0.8460657607970816,3.382383099777563,2.9835439982981917,3.6396913431118634,3.6884480954658585,1.872775476807945,1.1784905112774737,3.274402852390839,3.2362940283586106,12.089010793023728,11.516663627808441,11.56682363129609,10.535786123247934,13.040971309453223,12.919912559199133
E7,0.14418045042902589,0.0,0.6638158383969408,0.0,0.0,0.0,0.39306729397776213,0.41263558699857183,0.0,0.0,0.40088378190053414,0.4091856096159153,0.0,0.0,0.0,0.0,0.0,0.0,0.45034246733295785,0.3252992892390338,0.0,0.0,0.0,0.0,0.7982099497924343,0.6131245637073918,0.8148678132588917,0.6416057366634976,0.43985863652040036,0.5624574441909052,35.272320663996446,0.0,14.752866154981927,1.5983080615250778,7.126372598859508,5.119961623417568,20.289305405418006,19.8598244897457,1.6397446691094473,1.6059882287300447,0.8225164584103553,1.5513141724802786,2.793598360338663,3.7638167882661193,1.150437860840345,1.0166962135625646,6.671366314857925,3.340474325879928,19.861332676950802,-0.5619410449261707,1.2362290074170517,1.2418841265792935,3.9588420112560527,4.024148641891173,-0.20460665363227137,0.051142299930605484,-0.17168343165169997,0.04041790915897625,0.071583631795336,-0.2769341270326755
E8,0.3136900825814243,0.17718521652475164,0.689216499483499,0.0,0.0,0.0,0.4436528213402729,0.4476112635290658,0.0,0.0,0.65001831133161,0.632984575929872,0.5448969533847552,0.5703494843244334,0.0,0.0,0.5420153160195761,0.0,0.6598971393232266,0.5248202327854814,0.0,0.0,0.4524401286003169,0.40062028858652504,0.7928163089384874,0.7887279902440849,0.7703843512504461,0.7984613722286339,0.7865987244870924,0.8200942970124,-0.22068436031953065,-0.6897797499618321,14.409841367769634,1.9370618719887425,0.0,0.0,0.670041943888346,1.633803262725304,1.9080007702141089,0.7316001026459773,0.10590022557701939,0.23956207298188348,23.44050155516025,33.60643820664395,1.37369450413523,0.7200298286031632,12.242502933034853,0.0,-0.20666442653833017,-0.024329456435621344,0.8272106097584739,1.6348723444841085,9.819884386934994,9.697184854551583,0.05060084796866726,0.008171720910353009,0.003797126853474664,-0.004152902788799873,-0.022059269432173623,-0.12734136078138236
E9,0.32053214596757357,0.2957369042103089,0.0,0.0,0.3946661222297295,0.0,0.5184734913078681,0.5379252630136523,0.0,0.0,0.764631014328853,0.7021910999616572,0.5677786283221152,0.48100086110906004,0.0,0.0,0.4595605744099492,0.425245049391206,0.9754952169160114,0.8608062032336228,0.5688771328074985,0.5030159783316452,0.7708923931855479,0.600743955685621,0.7029635942960751,0.7670784027360392,0.8243852003353994,0.7715698958102178,0.7874386812620775,0.8144652693230602,-0.1862759240914793,-0.3358155954295323,1.5296789978104783,0.7502245987792051,-0.2673132271998615,0.0,0.9763040496369424,1.0301329966820931,1.156186697351167,1.5375406621169567,-0.16769481826987254,-0.2184157104449369,15.362813882635182,22.368870379122775,1.657838813734653,1.3844921959475052,0.14354850510567285,0.13786770319988317,-0.2175067612915118,-0.16696632432354963,12.653799879814802,13.452616211234265,-0.2339529409129648,-0.19256809905785532,0.0293603619482381,0.11025463415137393,0.159092395286616,0.2121542448195659,0.02372849877026606,-0.018873572154654794
E10,0.0,0.0,0.0,0.0,0.0,0.0,0.0,0.0,0.0,0.0,0.0,0.0,0.0,0.0,0.0,0.0,0.0,0.0,0.0,0.0,0.0,0.0,0.0,0.0,0.0,0.0,0.0,0.0,0.0,0.0,2.61951878638277,1.358738762916765,1.5471853475888757,1.415899266001034,1.5045631791029557,1.3773739285901208,2.621315179929667,1.3810109039393268,1.957638492663417,0.7881665489841083,1.6397177459666068,2.757264924561092,1.196557587643376,1.4842226492079362,1.0599823166236497,1.0689994890762584,1.3332823725572673,1.4256638382112357,1.7708206460328455,1.896586427788236,0.8878163074462613,1.3926355453697674,1.3520038738933522,1.414722218840481,1.8411041411387004,2.192694060903058,0.9401656983539439,1.063094950792344,1.155596900206433,1.152691785485537
E11,0.0,0.0,0.0,0.0,0.0,0.0,0.0,0.0,0.0,0.0,0.0,0.0,0.0,0.0,0.0,0.0,0.0,0.0,0.0,0.0,0.0,0.0,0.0,0.0,0.0,0.0,0.0,0.0,0.0,0.0,1.2646630340256522,1.605356408873753,1.031056327173264,0.9068553637676366,1.7611057815207118,1.3317615113700825,2.074485289912424,2.5765272716275476,0.8392142013986721,1.5522605507246858,1.9599950338960355,1.8877654650020261,1.9117584239885872,2.2119303400879886,0.8823101009917096,1.4236859285939794,2.3524944072054197,1.3695960996797787,1.3479916185101928,1.313945980008718,0.9105363145730401,1.427321066457246,1.3309236084230527,1.1612405590400492,2.115543812231465,1.9619000266959787,1.1339017559915163,0.8119291344473716,1.1931842969395596,1.2106834004472802
E12,0.0,0.0,0.0,0.0,0.0,0.0,0.0,0.0,0.0,0.0,0.0,0.0,0.0,0.0,0.0,0.0,0.0,0.0,0.0,0.0,0.0,0.0,0.0,0.0,0.0,0.0,0.0,0.0,0.0,0.0,0.0,1.5680558003766265,1.397706502588381,0.7671053727352728,1.8668677975392889,1.3046477460938064,2.1113777757215217,1.7071075328104186,0.8071350367708696,0.7175514603877566,1.5670032305042518,2.2114897786167766,2.5387439761295667,1.5839332327005522,0.7867447693133123,0.9664129709820273,1.3527633735745717,1.2746788056505203,2.155689104978208,1.2259412209411735,0.9066054366451226,0.6727160629014897,1.2143060920224649,1.141459027146599,2.2128844495205726,2.183214873300777,2.004475530353311,1.6904853604258179,1.358443709228812,1.0932197283479077
F1,0.6218788080359403,0.7535716670092081,0.7101097819964649,0.6434872128077695,0.6004889684866066,0.9387403956152399,0.7869444780081305,0.93932050534788,0.7410174501993289,0.6940783804497052,0.7921469176429876,0.8054156343516814,0.6622336317537506,0.6566008976357437,0.6555112973158325,0.713544565763955,0.7368621799446416,0.7501571094729127,0.9149367638270328,0.7576703858590254,0.9347921378395486,0.8418554141454504,0.8227066397367021,0.8428360168562323,0.7645386978473584,0.7809482245746641,0.8008387466074939,0.7498724896712016,0.8017926834399353,0.8081503053182768,-0.16701031647939002,-0.029889253834391005,13.788850050613254,1.2083458949188595,-0.20427380755012958,-0.15713419726836142,-0.049258009049999885,-0.181751751348462,0.5630175484998456,0.5940512611884186,-0.03138670679641742,0.014827559496077392,0.06398882515402171,0.009844564755374652,1.163538785351781,1.3089375840161348,-0.024186416476282835,-0.0724517748306307,0.13004068521400036,-0.0003590223153937533,0.04471589860543568,-0.015289666260362877,-0.012896596233826663,-0.0502352338317118,0.02639352411530549,0.03941705030621834,-0.01061965655836572,0.0038237011596008452,0.006042168584904695,-0.0625254001127501
F2,0.661552557580854,0.676034087107511,0.4980708609309896,0.6222819398662014,0.5810320645532945,0.7145367919028157,0.6924843842264861,0.7280511133121028,0.6821572402635697,0.708919265039871,0.9572322273946142,0.9300735067628798,0.6461488491872168,0.66844558803628,0.6608625616431439,0.5266081687578658,0.819743610496113,0.6696456269355376,0.7535153456571442,0.7934773792894915,0.8571776744172868,0.8113564936996779,0.7979565876249827,0.8388559184736691,0.7759167363707139,0.7954418235455551,0.7714455764013524,0.7829839952491158,0.8321869485005612,0.8139419705264085,-0.1383630231348294,-0.0006021615712312745,0.8192998905367639,1.9326021782424958,-0.21582626132409322,-0.22655102390663218,0.04116405611900831,-0.005158354374381169,1.1923490790127318,0.7540631058322438,-0.17511266437479667,-0.17854284736634352,0.39626404746394583,0.5161403776519704,1.7860638131166406,1.5916605926985619,-0.17987976614711176,-0.0750431968388906,0.01528455054742106,0.14837499276225863,-0.0457811966011239,0.01753641305988829,-0.017304307625634507,-0.07068272185116165,0.07515774503722161,0.07269790486646266,-0.016020682424125132,0.033037249856824324,-0.025910419663368267,-0.030221031086310024
F3,0.5507901721230846,0.6956154182149065,0.48915283427914696,0.6049376605020859,0.365425823969346,0.7344728975660471,0.6922529848310283,0.6487336582341009,0.6522193945659298,0.6953952198546456,0.9140135583756471,0.9135658239900052,0.5588572668835387,0.65093720676804,0.530701695148412,0.5100177729566664,0.653451856204967,0.6399922707741913,0.7358878278687914,0.8053369559107293,0.7800954920535866,0.789827951283442,0.8279365761316431,0.7903995350342122,0.7753212359022449,0.7767038624684187,0.7890456980933513,0.8343832134621589,0.8143822593940886,0.7341900550835188,-0.07837054748614913,-0.19224375155542917,2.8852326144491975,2.619940300192183,0.06297440697856183,-0.3007361677117091,0.23407199506319465,0.037583114789558,1.4504147620293213,1.1355881766773817,-0.18639848539584036,-0.14934669858826477,0.4731758933917245,0.887861717296023,2.670315543122464,3.63341858325637,0.08209923308079015,0.1052236230648429,0.10145802024020756,-0.11556985590739488,0.006648546062691274,0.06889875706440352,0.0391038128261707,-0.050114574088585884,0.08080788379019421,0.018301581856084992,0.056173906556514996,-0.021739078927582978,-0.007260299772700041,0.2750746457651647
F4,0.4475592213705104,0.5492387414461106,0.5142859502184156,0.5484475239890867,0.2855936502840054,0.5715376710291314,0.6964408524793569,0.7760038011855036,0.6253653909719855,0.6513701681054201,0.806868275314625,0.7554095523064077,0.5106450724263989,0.5354749033049524,0.4852802956460054,0.49070785876153045,0.6533113397719853,0.6752645319275428,0.7603794848492379,0.8125713708250911,0.7101495496908053,0.6791636561884474,0.9706061551462271,0.8511172375410032,0.843141459056567,0.7521974265615176,1.039044867021962,0.9732611683091428,0.8336955104414991,0.8346309883701063,-0.017181805698781583,0.4256430194816967,2.6306220392186925,3.1744417129168636,0.940035575657531,0.6608265699859004,-0.04977685083032046,-0.2553976460150823,1.4653897099394817,1.6630148630884938,-0.13814763201886493,-0.10389912583336702,1.4324456440916138,1.1114407191766227,3.782203514027234,4.970561033463777,-0.0324702468006004,0.3641091765610458,0.014426183821028449,0.04684153450130646,0.10652561192479482,0.03226318715647958,-0.16871338279366876,-0.193445819200027,-0.022312345605775774,0.00155744558922577,-0.16235831893230812,-0.13547253639347,-0.014198857770814644,-0.11425215992080129
F5,0.289625433795851,0.5342756273795978,0.5268991642324644,0.5413344956221653,0.5407485646476244,0.5473840512946724,0.6423980235190491,0.6076984105282903,0.5827976083555454,0.5800585661253386,0.6878158992670473,0.7885180577488001,0.4725431250327596,0.485548759697735,0.3620549375897802,0.3542905363794048,0.5679335100939401,0.567186265279107,0.6642508725248482,0.6717428757121451,0.7156128149612323,0.6301158133010418,0.6283480410374116,0.7579615880185708,0.8044186112790155,0.8840925774731233,0.8035611542678547,0.7732843133369723,0.9397153462387406,0.7614527516887054,3.866223071409677,1.3331712836256817,3.9535916666730433,4.87055611479011,-0.20591250159178598,1.530673270898812,0.3758914355110594,0.03168251393489063,2.4495925815692985,2.6887241274619784,-0.19485809784319152,-0.15345099470704981,2.4273854034474227,2.66048634267616,9.882025834647436,10.885066789930363,0.7082471644618509,0.6585896914845941,-0.06763164326061377,-0.06276233399421438,1.0289594553730075,0.8026749964048792,-0.10177608388887749,-0.2696085561462246,0.1563123930918029,-0.08590151410391689,0.10707494768134684,0.05823741177009678,-0.1432413983616907,0.006960329134255483
F6,0.36764356889785954,0.515522001621154,0.5449010485513881,0.5319436414680012,0.0,0.5117192085658612,0.4867294764616476,0.500284608836272,0.48608134377056617,0.49567856373677016,0.5969077266434212,0.6209201023241615,0.4553693187487044,0.4722633557876112,0.486677726639631,0.0,0.489108612642843,0.5067416059126756,0.5622032738614028,0.522545455284958,0.4829688373672613,0.47542432914822363,0.4880065090400424,0.4676443129980626,0.6169391189044525,0.8350903054791735,0.6016572132684191,0.645792920535676,0.5410026484418522,0.5837861980179585,0.6561074582523092,3.0613275996088642,4.859205863417406,8.444591603670034,0.0,3.989785846332152,1.7733913058727095,1.6627331627165636,4.443951832371322,4.442137099800647,-0.3377789029682787,-0.18627904824681762,4.484475528025397,4.773404838933546,17.749469917893276,1.0064262666992256,2.6666985469016797,2.974248169141362,0.9382903042645356,0.6923451136087522,2.724368351395805,2.005414569724393,2.0066601502878267,1.705569016287221,0.19424720015424213,-0.25789191166235026,-0.12026006711283277,0.28311101623108215,-0.4278841704252425,0.4487308509072969
F7,0.3255037626176323,0.44112635493687896,0.510170394365339,0.46823453280055,0.0,0.0,0.40447715618881425,0.4183933945258843,0.45055696065471235,0.45090728305172606,0.4193658116433949,0.42249649309173826,0.3528065979616459,0.28985688256663966,0.0,0.0,0.0,0.0,0.34922317720225515,0.3342920205351148,0.41819776062001496,0.4217930829218606,0.0,0.3065637545283703,0.3234567458273857,0.3296352946133097,0.33317523302960245,0.36712027546772646,0.5742161542719739,0.5196628851544466,0.2563754169015138,19.526845552624614,8.739720870729208,4.466384517675407,0.0,2.537242974444222,5.133461958457149,5.3182181242088955,9.769734932120814,9.786486532606805,3.182860952719663,2.9260686371957685,9.771631236648652,38.8313760321875,0.9310410648933249,1.849919598694175,1.941250697233098,2.737787312036513,7.42080544289673,7.02898709557317,12.449219384356317,11.769326720923281,0.0,14.306956395102546,6.083987425116037,-0.9957966851288175,6.23474745940934,6.343774982059799,13.527956347401254,14.552093274877667
F8,0.4861900965367328,0.46517602447480966,0.31803719551381693,0.0,0.0,0.0,0.37848736752520523,0.39537550708494074,0.0,0.0,0.0,0.0,0.0,0.0,0.0,0.0,0.0,0.0,0.2952302339473788,0.2820083381004088,0.0,0.0,0.0,0.0,0.6120096972916629,0.6099394296666962,0.0,0.0,0.0,0.0,-0.23632380964312505,17.38683315937599,18.393050854945795,0.7502836600003633,0.0,2.3124532542990117,28.36087530175628,25.819801201612805,0.0,0.27438477838371966,1.3687764102368476,2.4629533880551087,0.0,3.030260550694841,1.2399363235392329,0.20920338444026143,1.8727673835324232,1.8506749811388978,26.92528855220327,28.298148427751,0.5167274581985488,0.9938186624353555,2.6825084892377085,1.7216523468050973,14.36781578242739,14.116877218471899,0.5487429229419902,0.567146624972878,2.3647632358511146,1.905819951313802
F9,0.3602159736653892,0.2140891055086948,0.0,0.0,0.0,0.0,0.0,0.0,0.0,0.0,0.0,0.0,0.0,0.0,0.0,0.0,0.0,0.0,0.13910011810583306,0.28666372299421733,0.0,0.0,0.0,0.0,0.0,0.0,0.0,0.0,0.0,0.0,3.116432854782686,37.6937228327836,1.0001199988502378,0.8894714664987937,0.0,1.5846146146097055,0.0,0.0,1.1819038355657838,0.669483849906797,2.0763048060335976,1.5651154571049695,1.2239534083400656,0.0,1.0773055607249198,1.1691591193280892,1.7816812948811496,2.1241079930508526,35.532939479042646,5.725389581329452,1.3197566691794727,0.8731210462695316,1.5653318177139433,1.864919565384902,0.0,0.0,1.1355219551926723,1.6104590402806451,1.5575589746388054,1.259624139996074
F10,0.0,0.0,0.0,0.0,0.0,0.0,0.0,0.0,0.0,0.0,0.0,0.0,0.0,0.0,0.0,0.0,0.0,0.0,0.0,0.0,0.0,0.0,0.0,0.0,0.0,0.0,0.0,0.0,0.0,0.0,2.0924603164040434,1.6874548576682784,1.1212385655964496,1.0113339405770496,1.7227355968328197,1.1242558711656834,1.4599209888401745,1.5853665080250323,1.4733705284455105,0.7589114416767551,1.7989746152941173,1.660369403169998,1.4316989732540577,2.200117898874346,1.3847289758220036,0.7751082219045813,1.4528754440506901,1.9505138441934093,1.2587677128208696,1.5815419961085055,1.9651515642651063,1.0582907363855014,1.1286958662619142,1.2594240147542237,2.008681394679286,2.038389394438049,1.1020223052533211,0.9367973073553486,1.4756427777255716,1.0858719939400672
F11,0.0,0.0,0.0,0.0,0.0,0.0,0.0,0.0,0.0,0.0,0.0,0.0,0.0,0.0,0.0,0.0,0.0,0.0,0.0,0.0,0.0,0.0,0.0,0.0,0.0,0.0,0.0,0.0,0.0,0.0,1.280962291030022,2.071645694799763,1.026693390074442,0.9568571805512249,2.168521486969155,1.3192812782328929,1.4530584333380219,2.0262855693837736,0.7108565566261582,0.0,1.857064251706955,1.7110448068298645,2.1144208388150787,1.5758464570531174,1.141206708725175,1.1911800775416594,1.9062045513035635,1.1972262795077988,1.4501099482203657,1.9256058160316059,1.3713171558739212,1.543147435314566,2.472367747064613,2.1854481826263736,2.000538912182776,2.1714477900956126,1.107770271147544,1.96624420713853,1.1933559197857413,1.078445984043313
F12,0.0,0.0,0.0,0.0,0.0,0.0,0.0,0.0,0.0,0.0,0.0,0.0,0.0,0.0,0.0,0.0,0.0,0.0,0.0,0.0,0.0,0.0,0.0,0.0,0.0,0.0,0.0,0.0,0.0,0.0,2.0358794750939424,1.5342875713271056,0.6780977490146718,0.9125850378164877,1.7649549055029432,1.3343516050629454,2.118959730513069,1.69667225149567,1.7618135732813514,0.8646267962762479,1.4209322522455032,1.4444869924228705,1.719527305416669,1.7756879894635773,1.1992233380509845,0.9515538996655444,1.4168369806048844,1.413724909929769,1.9003202934590675,1.190215990659624,0.7916408033373052,0.9981327116391476,1.2104891170640322,1.374453201899076,2.1590602506442593,1.574142410662354,1.0799074225064444,1.43918044544602,1.520180250371805,1.1261872250180645
G1,0.0,0.0,0.0,0.0,0.0,0.0,0.0,0.0,0.0,0.0,0.0,0.0,0.0,1.7525383484254542,0.0,0.0,0.0,0.0,0.0,0.0,0.0,0.0,0.0,0.0,0.0,0.0,0.0,0.0,0.0,0.0,2.1309926362661216,2.541549105690599,1.1258361890237474,1.1041976395105308,1.8849427924553268,1.2513825848303917,2.85684539319125,2.531460833069495,0.9762231800869579,0.9780169624349959,1.3387186924745649,1.4048439406554678,2.6198216518205584,26.710145129453693,1.4540345950745426,1.204670470035996,1.3698685936300414,1.3622039474863605,1.131643701341794,1.1262536267464966,1.2826028470863342,0.9343163809396771,2.3806618795905443,2.2892537284414303,1.2110842656559129,1.4355208312779695,1.4096632992026308,1.7075179990842955,1.213769840512775,1.1071930312750702
G2,0.0,0.0,0.0,0.0,0.0,0.0,0.0,0.0,0.0,0.0,0.0,0.0,0.0,0.0,0.0,0.0,0.0,0.0,0.0,0.0,0.0,0.0,0.0,0.0,0.0,0.0,0.0,0.0,0.0,0.0,1.9795047161726274,1.6377849928091024,1.3054710625835924,0.7720416010334787,2.3093379891999497,1.282750985192326,2.1818344342018037,1.4839741263856467,0.7619267309477848,1.2734300444978253,2.0452069496467686,1.5767244827333506,1.934294713024876,1.9060834107234754,1.501638245282841,0.8523317640039032,1.8345854031948257,1.295981369962469,1.7852598923290586,1.5322881512943027,1.588576211371361,1.8487007679069158,1.898311889902729,1.3770613612163345,2.003920726640075,2.3408956791733857,1.1871943772848041,1.826246516050535,1.903104350501188,1.0781508564695343
G3,0.0,0.0,0.0,0.0,0.0,0.0,0.0,0.0,0.0,0.0,0.0,0.0,0.0,0.0,0.0,0.0,0.0,0.0,0.0,0.0,0.0,0.0,0.0,0.0,0.0,0.0,0.0,0.0,0.0,0.0,2.052968184785655,1.441063545333627,1.2738330167325387,0.6238736460686383,2.4430035397612997,1.4971102808103716,2.158251654931192,1.716301056282795,0.8515179513276081,0.7141165406648575,2.0372651551020446,2.1542181810907586,1.5847808361569378,1.8704252569539292,0.8080771788551999,1.179675532689469,1.382756240556514,2.2621939152021326,1.7513325087608465,1.1613058673699541,1.2984652744771594,1.702763406402724,2.355442917005007,1.6977656936517214,24.16117972316217,1.541023398882146,1.5605839483321766,1.2926042066178631,1.5880069106845838,1.2519235149158447
G4,0.0,0.0,0.0,0.0,0.0,0.0,0.0,0.0,0.0,0.0,0.0,0.0,0.0,0.0,0.0,0.0,0.0,0.0,0.0,0.0,0.0,0.0,0.0,0.0,0.0,0.0,0.0,0.0,0.0,0.0,1.5651785145390278,1.6963958206441134,1.1945041336117725,0.9497183590675107,1.7621843410383633,1.4284400522526184,35.19733898902604,1.668145230165372,0.8271135568918133,0.818696679290877,2.1036767796561975,1.6065592742841943,2.7141126914074647,1.4249600283880994,0.9656740152978145,1.0229910835470086,1.1039521254650495,1.2496640560957886,1.66810562261346,1.6370919912648603,1.7597262544257823,1.0404286866498964,1.9491937663735577,2.3970773907343244,1.7397272661726078,1.88406340447262,0.891795428695179,1.0345631111116838,1.3174300659128058,1.1344368252408614
G5,0.4889819633033475,0.0,0.0,0.0,0.0,0.0,0.0,0.0,0.0,0.0,0.0,0.0,0.0,0.0,0.0,0.0,0.0,0.0,0.0,0.0,0.0,0.0,0.0,0.0,0.0,0.0,0.0,0.0,0.0,0.0,-0.21759454189824745,1.5100473084336912,1.2191619439210548,1.119188195386375,1.8014429565796242,1.659564710706917,1.5226107853406532,0.0,0.8303360134514612,0.8058640077629704,1.8567773205143183,2.2390064248735904,1.430708813078354,0.5718512622053993,0.6680044824282625,0.8283645739782912,1.5798548279147298,1.0621280951880898,2.0899508391947066,2.412472594965962,0.9397040137270771,1.6069810239316134,1.1362097877967265,2.173605501977704,2.0434947207613945,2.0394847047700893,1.1347762493553049,1.2691334782816206,1.7344488388089196,1.3866769016448082
G6,0.0,0.0,0.0,0.0,0.0,0.0,0.0,0.0,0.0,0.0,0.0,0.0,0.0,0.0,0.0,0.0,0.0,0.0,0.0,0.0,0.0,0.0,0.0,0.0,0.0,0.0,0.0,0.0,0.0,0.0,1.9488228810761399,1.361082274251686,1.4561254713943406,0.8355299337067237,1.9063503317378263,1.3796201127039147,2.171697219326653,1.5771342065684877,0.7479279899966755,0.8094311458803602,1.8845436775215987,1.3191781575117894,1.4227083599726171,1.5625855977054925,0.8312040406694088,0.8576644643460156,1.3789518022573546,2.050486330554051,1.1076702625990222,1.2142027686592627,1.4286725497848316,1.4564860724736306,2.0780187311952147,2.0237540265144673,1.6747801778235498,2.103947344111475,1.0480702758789597,0.9968281876053204,1.9025831630669963,1.1599071881761702
G7,0.6975930982271371,0.4476109555142816,0.6665650625867483,0.0,0.26438684988695665,0.0,0.6653626551346482,0.5542650406102956,0.0,0.0,0.7391502317502433,0.7334947445855642,0.27030893177458254,0.24345569397337813,0.0,0.0,0.0,0.5461810937747159,0.8187823156145843,0.7491799544791008,0.8050972787675525,0.8521766722233856,0.8365111275642089,0.8137870182957659,0.7730768013490745,0.7728070606828561,0.8587826278148442,0.8989630216455168,0.8265357912447029,0.9205163926185641,-0.21724403639303091,-0.2758792937133905,13.309245837665078,2.4983153650030694,0.9789525602245106,5.4361126685769285,-0.24849663243062503,-0.1785250025415317,2.3482467342708624,2.5131321547675753,-0.042718619927857415,-0.02381760226576468,0.25584723188254754,-0.5728937011712145,2.4393277485523406,2.149505945349464,0.0,15.991475261003362,-0.07142120409892816,-0.039858134668627754,-0.0156186812316631,-0.08121494814315511,-0.07722202026323854,-0.07361345318442714,0.05853551390905065,0.031420630434632946,-0.0694096016714455,-0.056120002062303054,-0.00911528429900732,-0.10296001572795499
G8,0.42988118170926987,0.21257529711858078,0.0,0.0,0.6052310067794263,0.0,0.30527990939221095,0.0,0.0,0.0,0.6212611618320775,0.592531002133186,0.0,0.0,0.0,0.0,0.0,0.0,0.7820445770502337,0.7302520320111369,0.4504554400462472,0.4102695905062923,0.7349777430219665,0.683219890965134,0.7761373170557777,0.7872830260271348,0.7873781999496405,1.0678354444843159,0.8219035940219034,0.9665367719311284,-0.13128027268302378,32.13068576799098,1.8059606316739725,1.621204928617189,-0.2607008896020293,4.531203436656131,-0.33747442443153186,0.0,2.031443583492944,1.3529842893880293,-0.19612676843755172,0.02924256027421701,3.5728642713781653,4.339537256418389,1.8928304745095161,1.8275985668042516,5.446539875564369,4.6406010875499195,-0.08670014432044959,-0.04526207389963621,10.02511595836872,10.2338900307886,-0.11554069128640165,-0.10939227978501131,0.026323485545074243,0.029520976707747115,0.012056471473741448,-0.18811757633955972,-0.005344576100160814,-0.15497467152801392
G9,0.5866436577069044,0.25996182599226475,0.0,0.0,0.6074615489879127,0.0,0.0,0.3797608045905347,0.0,0.0,0.653540323944775,0.6973697556270815,0.6485475825551978,0.0,0.0,0.0,0.0,0.0,0.7456384356680347,0.8337129308914584,0.517875455972874,0.5119186781883176,0.8274088557833661,0.7956449300244588,0.7685026808144798,0.7776224772621501,1.0097293920826886,0.8238441795359148,0.8370295731664693,0.9278301675755449,-0.1428051816933974,-0.5069796048482418,0.0,1.9915048169645395,-0.2375854231681651,4.683336482818294,0.0,-0.23800499394106223,2.2327733620066894,1.6555609418510642,-0.05424144421254662,-0.07759219954396324,16.380980989682968,3.2822229731430568,1.9426457513785529,1.2776771768776811,5.73212479447476,5.47504919371371,-0.035565107821962316,0.0635442430770704,-0.2839443354146064,-0.32467941192844685,-0.0547406463933503,-0.035919242351613034,0.002374228598307493,0.02623225185022371,-0.1267785119289634,0.012291461915880486,0.004896193434965834,-0.07533738789524569
G10,0.4984201819957491,0.0,0.0,0.0,0.0,0.0,0.0,0.0,0.0,0.0,0.0,0.0,0.0,0.0,0.0,0.0,0.0,0.0,0.6567115763509667,0.3847547377433754,0.0,0.0,0.0,0.677597856293226,0.7835472074155979,0.8134790254860741,0.7965632639282024,0.7963149832940498,0.755233150391559,0.8779273238451664,-0.0587115080317524,3.1397613094710195,1.5313799832313428,1.5547113477697359,0.0,3.7847235607521057,3.016697599884594,3.814256599803123,1.0444793231186118,1.0342966253497785,0.0,5.542899735434798,10.894403449760176,2.3266354277068544,1.3642968213218047,1.7363801877141611,3.2667823094160973,2.386704729012088,15.418723340829148,-0.2756312178282414,1.6427635027998058,1.7933238579159898,2.9926901094106526,16.812759273387204,0.05431814778615629,0.017179019255681216,-0.005346461820065707,0.05360475617023175,-0.004232011192766061,-0.07322572690742069
G11,0.5381140689694717,0.15634288810361277,0.0,0.7179241109810454,0.0,0.0,0.0,0.0,0.0,0.0,0.6586283950265653,0.6488380267652105,0.0,0.0,0.0,0.0,0.0,0.0,0.7179591063776756,0.7099968228500922,0.4379939265459753,0.0,0.0,0.7008989941977384,0.7795029921240447,0.7695992839832665,0.780674245952448,0.9230375628955964,0.7894234405767246,0.8651378192217026,-0.09261147685056303,38.380595060873354,1.2218935886867115,12.945455829275614,0.0,4.150914540182804,4.967889925765114,0.0,1.840099518833842,1.231094708498631,-0.28693920265999595,-0.26344911354537137,3.4751461069718914,2.7051614029192734,1.7371999608812665,1.4894132544102128,4.675431949571077,4.147178168935596,-0.07235888270260771,-0.0833213529821678,17.279350522290702,0.0,3.933681070843324,12.92557273241177,0.10323051220902735,0.049822307331084614,-0.05204714040031122,-0.1712940333460814,0.022314323824397464,-0.0307001321054432
G12,0.38677408224703924,0.0,0.0,0.0,0.5782550327667765,0.0,0.0,0.0,0.0,0.0,0.0,0.0,0.0,0.0,0.0,0.0,0.0,0.0,0.0,0.0,0.0,0.0,0.0,0.0,0.6956088773174416,0.6941852539768062,0.6182514436035544,0.6683655348948369,0.7722312146392879,0.7571181685383516,0.33531706428652197,0.0,1.0710413330357689,0.8437989106119907,-0.24125108424962227,2.850990239617044,3.401053021395583,3.27850725954886,1.5275015046090914,1.2655130783380315,3.846369372217474,3.4212986692936056,28.49010697983835,2.4180023337631837,1.2221335695950906,1.074455403642034,2.18563160151178,1.7357585141645338,2.355812929329467,3.0738386144027103,0.7988894669929252,1.5136572175242193,2.035273739874107,2.160907534810807,11.480596775285862,10.914644218907975,12.077636729190663,11.16520036924412,12.03907599991257,11.91190884817584
H1,0.34390875989671055,0.0,0.6821012476007912,0.0,0.5794805059566418,0.0,0.0,0.0,0.0,0.0,0.0,0.0,0.0,0.0,0.0,0.0,0.0,0.0,0.0,0.21388093607511227,0.0,0.0,0.0,0.0,0.8930363898871551,0.6415999284184802,0.8054717752249222,0.6855034619765978,0.4371441429169914,0.5040371536371707,0.830922379110884,3.0194074600574226,13.455072306004551,1.0471541057240863,-0.2990584822323241,3.39762405935366,2.7159172207461992,3.9563569308232047,0.9441380320368502,1.0648654371047783,5.137745719717872,4.294000269571434,2.617228558366577,0.0,1.1625424148532097,1.4782474776858194,3.0779543655998793,2.292741288649676,3.207131786835504,44.48641629228891,1.2438324371038334,1.3100006220543214,1.4398800249464436,2.5613033673334904,-0.23532139033832666,-0.06200050206884966,-0.14711073660973406,0.0768226677091528,0.22205070936513227,-0.3029757418607175
H2,0.09302263315958723,0.0,0.0,0.0,0.0,0.0,0.0,0.0,0.0,0.0,0.0,0.0,0.0,0.0,0.0,0.0,0.0,0.0,0.0,0.0,0.0,0.0,0.0,0.0,0.37530685420118426,0.3942254381264082,0.0,0.0,0.0,0.0,30.992362412215595,1.8813970538757658,0.7903410819302366,0.7958745652992292,1.6245092771025504,2.110763137288764,22.593287441673752,2.8192595150071966,1.6180514039808784,0.8670182299555833,2.264605960184003,1.7465531861555021,2.2165069050449873,1.418244182791156,0.6438763965678795,1.6474394970258963,2.0854833779984006,1.6020082647896245,1.8118025536392892,2.235117432372462,0.9848503182481281,1.819120025265292,1.0854074948340653,2.0186384980420584,25.435716622611245,24.64148321286288,1.7566765130967816,1.5076891358033109,2.3863652770090233,1.569263538095523
H3,0.10966754900272163,0.0,0.0,0.0,0.0,0.0,0.0,0.0,0.0,0.0,0.0,0.0,0.0,0.0,0.0,0.0,0.0,0.0,0.0,0.0,0.0,0.0,0.0,0.0,0.7383959587065847,0.6533413742100888,0.0,0.0,0.0,0.0,30.521897306385394,1.868088230682602,1.428915357780152,1.0428997459414546,1.6621219664294493,1.7094771879120145,2.442141299149185,2.13373109226589,1.8847323991954887,0.9316346617221036,3.0497037430730494,2.5424990242615877,2.215992582460103,1.5230447155207116,1.1661889666172875,1.2548084866150653,1.787270440247898,1.435168909349219,2.328479573913036,2.1217523200527495,1.0581231483887201,1.5943197114763201,1.247217832014286,1.9048003347727693,13.319774830456339,13.098855854294557,0.0,0.4833388379749337,2.3338210099140326,2.70193183080724
H4,0.4241103635556987,0.0,0.0,0.0,0.0,0.0,0.0,0.0,0.0,0.0,0.0,0.0,0.0,0.0,0.0,0.0,0.0,0.0,0.0,0.0,0.0,0.0,0.0,0.0,0.566879308583587,0.7067107463294097,0.0,0.0,0.0,0.0,-0.20137115243425774,0.0,1.303700567596504,0.8221790564383049,0.0,2.417638894078774,2.5357679782015623,1.731103878017322,0.8511812266421614,1.07211705219148,3.570042728290545,0.0,2.3035561447107398,1.9477120693430194,0.8039093919163598,0.7310412818845862,2.156243656968808,1.6078114111984867,1.8568951946570849,1.0384644311209215,1.6009019910524742,1.9770714584692648,1.7898725988148456,2.0413662277010687,6.279193132941292,16.867241719067486,0.0,0.0,1.9824467440421216,1.9569032474929884
H5,0.3934094714774948,0.0,0.0,0.0,0.0,0.0,0.0,0.0,0.0,0.0,0.0,0.0,0.0,0.0,0.0,0.0,0.0,0.0,0.0,0.0,0.0,0.0,0.0,0.0,0.0,0.45050909361332925,0.0,0.0,0.0,0.0,-0.0893799491345052,1.8941419711797352,1.420025865107256,0.8330952048149847,0.0,2.195459783870774,2.276011697232377,2.290454414996809,0.8456367733437489,1.2994626017845867,2.6210180922556283,2.098567057896471,2.1710896797426713,30.10569479831471,0.7850678086441967,1.1773233979032476,1.9406998763469616,2.2877393974725244,1.8640437900292213,2.1623124126070863,1.3261322088776026,1.799857952536975,2.4375302171569544,2.2964552290043407,0.0,5.9295942717717125,1.8423460954609965,1.3435369264086532,2.0133631161517407,1.504105461966983
H6,0.37827619068534135,0.27610770622881897,0.0,0.0,0.0,0.0,0.4192185565086052,0.4457716806771052,0.0,0.0,0.4985904548277691,0.610149671741065,0.32130377348596695,0.0,0.0,0.0,0.0,0.0,0.38505539425659174,0.32532283017497243,0.0,0.0,0.0,0.24134132408496617,0.6424706980724245,0.8791209467807773,0.6907614195258048,0.7671168935676798,0.47820603632716324,0.4791417761751985,0.058424949377887,25.325931432749798,1.2495197342861672,2.0795332838088427,0.0,4.252934171343334,1.7840501881046245,2.0424458790675324,1.0826651188339689,1.0279676041166717,0.5318987242501039,0.8588182434738005,30.639264230963906,3.1324957879711164,0.8723621753117143,1.5800586402110888,5.77371771685138,5.701786185252551,15.162447387816865,14.69235090953844,1.7640233927185562,0.9469829929446405,0.0,4.0791043235101965,-0.06155479831162425,-0.25825237515045163,0.2760640591062129,-0.23554780334169845,-0.37777261740503376,0.11922003523294089
H7,0.47452762100083573,0.0,0.6018229209217462,0.4873179377152903,0.0,0.0,0.0,0.0,0.0,0.0,0.0,0.40157847853829304,0.0,0.0,0.0,0.0,0.0,0.0,0.4867697220582001,0.5043395994116963,0.0,0.0,0.0,0.0,0.3640444903812597,0.412426901329538,0.6026948429594234,0.6311837749034823,0.750401405614657,0.5964326306868597,-0.12528048571091455,0.0,15.379907665960605,18.962205090600783,0.0,3.705573560087963,0.0,2.896401132871908,1.5722789522751874,0.7103205722829848,4.066873886441446,4.9520304278985146,2.510331527934639,1.724832127479928,1.1793902950174449,1.2642793758534445,3.3690105252992772,2.3573637128005345,23.75323467035157,24.504107616140747,1.4121853856327924,1.3102934433245963,2.468697176390318,2.7081265689203136,9.17166656313346,10.427270405181648,12.227460154786865,10.897959399346394,12.516206883038778,17.496661914675002
H8,0.5158179257621887,0.3574998461470973,0.6197896781615037,0.0,0.21915425729308133,0.37980624203535573,0.5835226672602188,0.6086389393312782,0.0,0.0,0.7681932666135053,0.7523324051651571,0.37358470727935605,0.41308625907794017,0.0,0.0,0.5389832157442892,0.5344805492008637,0.8521354568635261,0.819334423395775,0.6543914992505034,0.6524075226765599,0.579400924396445,0.5815218555529075,0.7822448693545986,0.7780949122853837,0.7543482740914111,0.9503259494201273,0.7705255723734764,0.8747391418652902,-0.0941376242340255,1.1394381674056597,12.815956338468572,1.3111375413616635,1.1485071719967985,-0.3506450886703827,0.4595819704533679,0.9851094291758631,1.7791294331885084,1.0284720218683674,-0.2282832722733924,-0.12259280728646926,2.9200318732433446,3.069126625706896,1.3801588562125922,1.097233019355265,0.3700911105446716,0.7703269865290285,-0.19960337039847587,-0.19090326439478322,5.180643072156624,5.206976276561651,-0.07151926114636487,-0.15778942082255243,0.004544309174633332,0.05359263707501394,0.033750872803909315,-0.17160873580744174,0.0207854881235241,-0.0746203168806242
H9,0.29225804586028536,0.3122413410471007,0.0,0.0,0.0,0.3475375781790301,0.5481272175103493,0.5589695110847488,0.0,0.5343077918763183,0.6541440543783872,0.6790225505278237,0.3101514802672551,0.4111075459667343,0.0,0.0,0.3815278283866798,0.39456436740691553,0.7090601464515343,0.6328546772402216,0.5237984449065081,0.45551930246787875,0.4779113528781054,0.451842329164795,0.7961113911333196,0.7819448565783977,0.9781651104806215,0.7798114270380985,0.7353450117907337,0.8206614063678018,1.1394196237832321,2.3750649505282024,1.394259686700579,1.748114445389394,0.0,2.502458735823551,1.0516827345371276,0.8420839948179624,1.8899976701455046,16.378819104787155,0.6647653280324974,0.17252503911109685,3.4376185859682304,13.1917790435831,1.3501924495604527,1.3168696737225574,1.5391654763261862,1.759349378686979,-0.25953695297776014,-0.22709201945845636,14.421660515013617,15.700566021100409,-0.3448749244317364,-0.5131812395212181,0.15830204375672907,0.13916234486316115,-0.15478035966436154,0.045985895738051674,-0.00926940912459806,-0.10710715829158612
H10,0.5632459221514358,0.5140192426550366,0.6587403094351255,0.0,0.0,0.44966696067340556,0.5723341114263297,0.583531791511978,0.0,0.0,0.7171480906073585,0.8509854261084278,0.5603510016039196,0.5735297478363054,0.0,0.0,0.6266098635594429,0.6299489335259845,0.6914184893688872,0.7150516044734391,0.5854020136436209,0.5676698514595165,0.7897190835914446,0.787066580353954,0.7567733424753419,0.9128514588622413,0.797274983763907,0.8760657597163933,0.7654716083695664,0.8280319449162937,-0.17867552342593462,-0.13147092242520086,15.970143993066443,1.6490277274023128,0.0,-0.07280687574127054,0.32491840614824863,0.45186854850053093,1.8600884903041681,2.001312874198149,-0.032197617776687726,-0.13880401062987313,1.4841360656488631,1.6027850702091633,1.3026286115816426,1.2685999008620854,-0.02935735203698897,0.017383353762231213,-0.04245493120233146,-0.062264698960451614,-0.2002190616151991,0.2874556241522668,-0.048244942880318,-0.058233172593810445,0.050391163447542464,-0.10196171151206379,0.12275510793191813,-0.050459847403853564,0.00647269603449252,-0.03596161919376617
H11,0.5583433253551456,0.45916823641764104,0.6657605074090993,0.0,0.31317838021664846,0.3877415100503613,0.6060705566769266,0.6149964716146924,0.0,0.0,0.7727370170359077,0.7084598740230494,0.488200146682365,0.4977657509989896,0.0,0.0,0.6142113556039097,0.5926546310212962,0.6990149780997115,0.6839788541840769,0.6466328054331392,0.6427675044122836,0.675668029397373,0.7803179285761659,0.7806890306624388,0.7725081695437899,0.764119200037504,0.8048458151852839,0.8084141374523023,0.8855612580926399,-0.14747677938546166,-0.17944159538838445,13.70224748456702,1.8406990524672153,0.6141389530445018,0.0011903835109299266,0.25897114934205456,0.663050815894386,0.0,1.32910583705279,-0.20204272173023463,-0.14007268719581512,0.8929617652205795,2.050936798702107,1.2814097563790554,1.3535910780768319,0.012680120907814008,-0.25638333633920063,-0.00773356294187022,0.02825693712594135,2.240815898092362,2.2294228585829066,0.8736548134929178,-0.07234769841911715,0.051144988714413975,0.0014890156809153066,0.005036797567404827,-0.00571759063088928,-0.014000419794963026,-0.06745673422130027
H12,0.6014005604479786,0.6275177588749723,0.0,0.6178458682912968,0.5810037584243757,0.6786942533522964,0.5709458730494741,0.6091396243560527,0.5451327122073474,0.7004944830956669,0.726375418945605,0.734177815994032,0.5903766429935899,0.5994252874529199,0.512184140441348,0.0,0.7103216942904403,0.618566065406969,0.7014682431397204,0.8218962884975303,0.8374975560127056,0.8534384611537825,0.8023575509430775,0.7737218336607541,0.7709597643949452,0.8218457109470857,0.7916897282683255,0.9541364057985119,0.8137773730488357,0.8267626840140725,-0.1637274969739515,-0.11060156090175766,1.455049031928489,14.816781767152019,-0.2665135072192134,-0.20166619141617426,-0.11539976304878063,-0.14460453975544263,18.379153948497038,14.232564842585274,-0.03517095636340328,-0.02664408404202112,1.0661571497682347,1.1281623244154688,15.295776158935212,2.1927542457943687,-0.13953895197707644,-0.019310638432175287,-0.030529077481446176,-0.13473273403706,-0.06305383513545137,-0.08847826609641529,-0.05121179903481676,-0.04497078329846216,0.06599537604235017,-0.03240976075158486,0.02454313111270845,-0.16804525785364344,-0.03344986070431588,-0.07895563275051098
